country,year,month,temperature_celsius,humidity,precip_mm,wind_mps,temp_z,precip_pctile,extreme_temp,extreme_precip,reason
Afghanistan,2024,2024-12-01,7.174193548387097,22.387096774193548,0.01,1.1765232974910393,-1.5463964941297517,0.25,True,False,temp_z=-1.55
Afghanistan,2025,2025-01-01,1.3129032258064517,58.87096774193548,2.31,1.9336917562724014,-2.1626531561507054,0.8888888888888888,True,False,temp_z=-2.16
Afghanistan,2025,2025-02-01,4.789285714285714,47.857142857142854,1.42,1.9831349206349207,-1.797145946926665,0.6666666666666666,True,False,temp_z=-1.80
Afghanistan,2025,2025-05-01,27.26774193548387,17.483870967741936,4.3500000000000005,2.9955197132616487,0.566241231642686,1.0,False,True,precip_pctile=1.00
Albania,2024,2024-07-01,34.63793103448276,37.0,3.17,5.219348659003831,1.5513413199897605,0.5555555555555556,True,False,temp_z=1.55
Albania,2024,2024-08-01,34.980645161290326,32.12903225806452,0.69,5.034946236559139,1.5954984794945442,0.3333333333333333,True,False,temp_z=1.60
Albania,2024,2024-09-01,27.516666666666666,48.266666666666666,11.68,2.533333333333333,0.6337987328353237,1.0,False,True,precip_pctile=1.00
Algeria,2024,2024-12-01,14.748387096774193,61.58064516129032,1.87,2.870071684587814,-1.5148502110095265,0.7777777777777778,True,False,temp_z=-1.51
Algeria,2025,2025-01-01,15.019354838709678,63.03225806451613,3.11,3.6729390681003586,-1.4665645328969081,1.0,False,True,precip_pctile=1.00
Andorra,2024,2024-07-01,24.010344827586206,37.44827586206897,3.19,3.6312260536398466,1.603347813378788,0.5555555555555556,True,False,temp_z=1.60
Andorra,2024,2024-08-01,23.416129032258063,42.16129032258065,4.03,2.5501792114695343,1.5212556602770169,0.6666666666666666,True,False,temp_z=1.52
Andorra,2024,2024-09-01,14.58,55.03333333333333,9.33,2.761111111111111,0.30052598084707444,1.0,False,True,precip_pctile=1.00
Andorra,2025,2025-03-01,1.1806451612903226,82.51612903225806,6.43,2.64336917562724,-1.5506228737148764,0.9444444444444444,True,False,temp_z=-1.55
Angola,2024,2024-12-01,27.758064516129032,76.96774193548387,5.73,2.6469534050179213,0.6155368203128428,1.0,False,True,precip_pctile=1.00
Angola,2025,2025-08-01,21.019354838709678,79.38709677419355,0.030000000000000002,1.6774193548387097,-1.9443999513908978,0.5,True,False,temp_z=-1.94
Antigua and Barbuda,2024,2024-05-01,29.41176470588235,72.82352941176471,1.6600000000000001,4.511437908496732,1.5630304850776178,0.3333333333333333,True,False,temp_z=1.56
Antigua and Barbuda,2024,2024-06-01,29.92758620689655,72.34482758620689,1.22,4.546934865900384,1.8816878372254473,0.16666666666666666,True,False,temp_z=1.88
Antigua and Barbuda,2025,2025-01-01,24.436666666666667,80.8,2.08,7.730555555555555,-1.5104194675421212,0.4444444444444444,True,False,temp_z=-1.51
Antigua and Barbuda,2025,2025-02-01,24.67142857142857,75.85714285714286,6.09,9.269841269841269,-1.365391377767806,1.0,False,True,precip_pctile=1.00
Argentina,2024,2024-07-01,6.796428571428572,78.32142857142857,0.0,2.3402777777777777,-1.604872764799381,0.08333333333333333,True,False,temp_z=-1.60
Argentina,2025,2025-01-01,21.716666666666665,77.33333333333333,0.09,2.7759259259259257,1.8650854077052754,0.2222222222222222,True,False,temp_z=1.87
Argentina,2025,2025-02-01,21.567857142857143,81.85714285714286,4.710000000000001,2.786706349206349,1.830477191670561,0.8333333333333334,True,False,temp_z=1.83
Argentina,2025,2025-03-01,18.551612903225806,88.58064516129032,8.15,2.49910394265233,1.1289976788925957,1.0,False,True,precip_pctile=1.00
Armenia,2024,2024-05-01,22.823529411764707,33.8235294117647,3.7600000000000002,2.949346405228758,0.20961654293500936,1.0,False,True,precip_pctile=1.00
Armenia,2024,2024-12-01,4.696774193548387,55.74193548387097,1.23,1.3727598566308243,-1.618286144418491,0.5,True,False,temp_z=-1.62
Armenia,2025,2025-01-01,3.3548387096774195,53.67741935483871,0.0,1.0842293906810037,-1.7536069697782173,0.05555555555555555,True,False,temp_z=-1.75
Armenia,2025,2025-02-01,3.5392857142857146,48.17857142857143,1.58,1.5744047619047616,-1.735007326800803,0.7222222222222222,True,False,temp_z=-1.74
Australia,2025,2025-02-01,20.724999999999998,67.39285714285714,0.95,2.879960317460317,1.5851730537777795,0.4444444444444444,True,False,temp_z=1.59
Australia,2025,2025-09-01,14.233333333333333,54.3,15.03,3.9796296296296294,0.40354752829936125,1.0,False,True,precip_pctile=1.00
Austria,2024,2024-07-01,28.482142857142858,41.07142857142857,0.68,4.066468253968254,1.5089024696732256,0.2777777777777778,True,False,temp_z=1.51
Austria,2024,2024-08-01,29.43548387096774,43.32258064516129,0.48,3.867383512544803,1.620633146342601,0.16666666666666666,True,False,temp_z=1.62
Austria,2024,2024-09-01,20.09333333333333,60.1,12.639999999999999,5.305555555555555,0.5257418262584805,1.0,False,True,precip_pctile=1.00
Austria,2025,2025-02-01,2.6392857142857147,64.53571428571429,0.11,3.6031746031746033,-1.519856257549446,0.1111111111111111,True,False,temp_z=-1.52
Azerbaijan,2025,2025-02-01,5.121428571428572,74.10714285714286,0.46,7.500992063492063,-1.9535295863767326,0.6666666666666666,True,False,temp_z=-1.95
Azerbaijan,2025,2025-04-01,17.003333333333334,60.5,3.29,6.830555555555555,-0.505115625150921,1.0,False,True,precip_pctile=1.00
Bahamas,2025,2025-01-01,20.19,79.7,0.0,5.733333333333333,-1.8588696084000857,0.25,True,False,temp_z=-1.86
Bahamas,2025,2025-02-01,20.900000000000002,87.21428571428571,0.0,5.988095238095238,-1.6165604166163414,0.25,True,False,temp_z=-1.62
Bahamas,2025,2025-03-01,20.08709677419355,82.2258064516129,1.56,6.565412186379928,-1.8939884780861436,0.6666666666666666,True,False,temp_z=-1.89
Bahamas,2025,2025-09-01,26.683333333333334,88.7,10.85,4.988888888888889,0.3571787746737778,1.0,False,True,precip_pctile=1.00
Bahrain,2024,2024-12-01,21.283870967741933,56.32258064516129,0.0,5.168458781362007,-1.665455161463376,0.4444444444444444,True,False,temp_z=-1.67
Bahrain,2025,2025-01-01,20.125806451612902,52.225806451612904,0.01,5.60304659498208,-1.8416562520450774,0.8888888888888888,True,False,temp_z=-1.84
Bahrain,2025,2025-02-01,19.853571428571428,55.714285714285715,0.14,6.223214285714286,-1.8830771809193871,1.0,True,True,temp_z=-1.88; precip_pctile=1.00
Bangladesh,2024,2024-12-01,26.451612903225808,28.774193548387096,0.0,3.1227598566308243,-1.8343825569060408,0.16666666666666666,True,False,temp_z=-1.83
Bangladesh,2025,2025-01-01,26.94193548387097,27.516129032258064,0.0,3.0698924731182795,-1.651618972116145,0.16666666666666666,True,False,temp_z=-1.65
Bangladesh,2025,2025-03-01,35.74516129032258,17.516129032258064,0.0,4.264336917562724,1.629708810065591,0.16666666666666666,True,False,temp_z=1.63
Bangladesh,2025,2025-04-01,37.36,26.733333333333334,1.68,3.232407407407407,2.2316262478670494,0.3333333333333333,True,False,temp_z=2.23
Bangladesh,2025,2025-05-01,34.858064516129026,45.12903225806452,31.460000000000004,3.813620071684588,1.299051008636503,1.0,False,True,precip_pctile=1.00
Barbados,2024,2024-05-01,29.58823529411765,77.17647058823529,0.79,8.207516339869281,1.7668450939111568,0.1111111111111111,True,False,temp_z=1.77
Barbados,2024,2024-06-01,29.403333333333332,78.16666666666667,2.82,8.021296296296295,1.6195268894986816,0.3888888888888889,True,False,temp_z=1.62
Barbados,2024,2024-11-01,27.74137931034483,82.58620689655173,12.71,5.956896551724138,0.2953868887966239,1.0,False,True,precip_pctile=1.00
Belarus,2024,2024-07-01,24.29310344827586,60.172413793103445,11.08,4.477969348659004,1.2484503965246985,1.0,False,True,precip_pctile=1.00
Belarus,2025,2025-02-01,-2.9785714285714286,71.46428571428571,0.34,3.890873015873016,-1.832177676173321,0.16666666666666666,True,False,temp_z=-1.83
Belgium,2024,2024-05-01,16.294117647058822,77.41176470588235,9.34,4.39297385620915,0.35825643793932793,1.0,False,True,precip_pctile=1.00
Belgium,2024,2024-08-01,23.437096774193545,59.11290322580645,3.4600000000000004,4.25,1.5833131292788452,0.4444444444444444,True,False,temp_z=1.58
Belgium,2025,2025-01-01,3.9919354838709675,88.90322580645162,8.55,4.474462365591398,-1.751629410647261,0.9444444444444444,True,False,temp_z=-1.75
Belgium,2025,2025-02-01,4.878571428571428,82.75,1.94,4.546626984126984,-1.5995669059828894,0.2222222222222222,True,False,temp_z=-1.60
Belize,2024,2024-05-01,30.352941176470587,80.6470588235294,0.26,3.068627450980392,2.720257156899973,0.1111111111111111,True,False,temp_z=2.72
Belize,2024,2024-06-01,27.683333333333334,91.56666666666666,7.96,1.9398148148148147,1.7183525565741555,0.8888888888888888,True,False,temp_z=1.72
Belize,2025,2025-06-01,23.33,97.56666666666666,25.619999999999997,1.1398148148148148,0.08454528985114214,1.0,False,True,precip_pctile=1.00
Benin,2025,2025-07-01,26.135483870967743,84.58064516129032,13.0,4.0,-1.2961942999759932,1.0,False,True,precip_pctile=1.00
Benin,2025,2025-08-01,25.387096774193548,87.25806451612904,5.02,3.653225806451613,-1.6821546062510981,0.7777777777777778,True,False,temp_z=-1.68
Benin,2025,2025-10-01,25.7,91.5,0.1,2.0972222222222223,-1.5207832712998695,0.1111111111111111,True,False,temp_z=-1.52
Bhutan,2024,2024-08-01,14.580645161290322,93.12903225806451,22.81,1.185483870967742,0.20554407324852153,1.0,False,True,precip_pctile=1.00
Bhutan,2024,2024-12-01,6.1,55.96774193548387,0.16,1.992831541218638,-1.9163596268850795,0.05555555555555555,True,False,temp_z=-1.92
Bhutan,2025,2025-02-01,5.878571428571428,66.17857142857143,5.44,2.455357142857143,-1.971762263841782,0.3333333333333333,True,False,temp_z=-1.97
Bhutan,2025,2025-07-01,20.0,64.41935483870968,16.02,2.6881720430107525,1.5614962285259846,0.7777777777777778,True,False,temp_z=1.56
Bolivia,2024,2024-05-01,20.052941176470586,52.05882352941177,0.01,1.8227124183006536,1.5987517284142116,0.05555555555555555,True,False,temp_z=1.60
Bolivia,2024,2024-06-01,21.42542372881356,45.25423728813559,0.09,1.5315442561205275,2.3452125477537655,0.16666666666666666,True,False,temp_z=2.35
Bolivia,2025,2025-03-01,17.0,94.53225806451613,18.87,1.3270609318996416,-0.06167081618817301,1.0,False,True,precip_pctile=1.00
Bolivia,2025,2025-07-01,13.611290322580645,72.01612903225806,0.22,1.2885304659498207,-1.9047099120164845,0.2777777777777778,True,False,temp_z=-1.90
Bosnia and Herzegovina,2024,2024-07-01,29.524137931034485,39.58620689655172,2.56,2.640804597701149,1.5241196015025151,0.4444444444444444,True,False,temp_z=1.52
Bosnia and Herzegovina,2024,2024-08-01,30.425806451612903,36.903225806451616,10.1,2.1586021505376345,1.6273005000555787,0.8888888888888888,True,False,temp_z=1.63
Bosnia and Herzegovina,2024,2024-09-01,20.59333333333333,64.1,12.96,2.0064814814814813,0.5021382168119388,1.0,False,True,precip_pctile=1.00
Botswana,2024,2024-12-01,31.809677419354838,36.29032258064516,3.1900000000000004,3.978494623655914,1.5907615012751695,0.9444444444444444,True,False,temp_z=1.59
Botswana,2025,2025-02-01,27.900000000000002,57.535714285714285,8.9,3.7222222222222223,0.8321639807313359,1.0,False,True,precip_pctile=1.00
Botswana,2025,2025-06-01,14.226666666666667,56.96666666666667,0.0,3.192592592592592,-1.820882716391741,0.25,True,False,temp_z=-1.82
Botswana,2025,2025-07-01,15.251612903225807,52.03225806451613,0.0,3.310931899641577,-1.622011661226069,0.25,True,False,temp_z=-1.62
Brazil,2024,2024-06-01,29.413333333333334,65.76666666666667,2.53,1.9296296296296298,1.911959516591032,0.3888888888888889,True,False,temp_z=1.91
Brazil,2024,2024-08-01,28.5258064516129,51.74193548387097,0.03,1.6021505376344087,1.5554394176738997,0.1111111111111111,True,False,temp_z=1.56
Brazil,2025,2025-02-01,22.535714285714285,96.82142857142857,15.6,1.0674603174603174,-0.8507843210022371,1.0,False,True,precip_pctile=1.00
Brunei Darussalam,2024,2024-06-01,26.75862068965517,95.3103448275862,19.28,1.5086206896551724,-1.565104269411639,0.8333333333333334,True,False,temp_z=-1.57
Brunei Darussalam,2024,2024-08-01,26.864516129032257,85.70967741935483,26.34,1.6227598566308241,-1.4949367478659257,1.0,False,True,precip_pctile=1.00
Brunei Darussalam,2025,2025-07-01,31.603225806451615,66.80645161290323,4.279999999999999,3.541218637992831,1.6449861359249598,0.1111111111111111,True,False,temp_z=1.64
Bulgaria,2024,2024-06-01,29.664102564102567,40.0,37.8,3.841168091168091,1.1416289553427033,1.0,False,True,precip_pctile=1.00
Bulgaria,2024,2024-07-01,33.65,23.982142857142858,0.01,3.8601190476190474,1.5474380974297561,0.05555555555555555,True,False,temp_z=1.55
Bulgaria,2025,2025-02-01,2.307142857142857,67.0,2.0700000000000003,2.0902777777777777,-1.6436169089407624,0.4444444444444444,True,False,temp_z=-1.64
Burkina Faso,2024,2024-05-01,37.57058823529412,39.1764705882353,0.23,3.1650326797385624,2.3220131207599835,0.6111111111111112,True,False,temp_z=2.32
Burkina Faso,2024,2024-06-01,35.61333333333334,42.86666666666667,0.0,3.749074074074074,1.7577072476669104,0.2777777777777778,True,False,temp_z=1.76
Burkina Faso,2024,2024-07-01,31.139285714285712,61.57142857142857,10.76,4.552579365079365,0.46777237745793787,1.0,False,True,precip_pctile=1.00
Burundi,2024,2024-09-01,30.103333333333335,44.2,0.9,3.8962962962962964,2.391441386712917,0.3333333333333333,True,False,temp_z=2.39
Burundi,2025,2025-04-01,26.003333333333334,68.3,18.27,1.1407407407407406,-0.3486366710314984,1.0,False,True,precip_pctile=1.00
Burundi,2025,2025-05-01,24.26451612903226,69.12903225806451,11.46,1.163978494623656,-1.5107085900397577,0.8333333333333334,True,False,temp_z=-1.51
Burundi,2025,2025-07-01,23.516129032258064,55.354838709677416,1.06,1.3897849462365592,-2.010864458959274,0.3888888888888889,True,False,temp_z=-2.01
Bélgica,2024,2024-07-01,17.4,63.0,0.12,6.111111111111111,,1.0,False,True,precip_pctile=1.00
Cambodia,2024,2024-07-01,27.693103448275863,85.44827586206897,8.610000000000001,3.3074712643678157,-1.9747742988646813,0.7777777777777778,True,False,temp_z=-1.97
Cambodia,2024,2024-10-01,30.787096774193547,72.70967741935483,10.23,2.796594982078853,-0.3233879710022473,1.0,False,True,precip_pctile=1.00
Cambodia,2025,2025-03-01,34.78387096774193,47.87096774193548,0.87,3.664874551971326,1.8098481298938578,0.16666666666666666,True,False,temp_z=1.81
Cambodia,2025,2025-04-01,34.486666666666665,57.13333333333333,1.6300000000000001,3.284259259259259,1.6512184666472387,0.2222222222222222,True,False,temp_z=1.65
Cameroon,2024,2024-08-01,22.651612903225807,79.03225806451613,18.65,2.260752688172043,-1.0438287099266679,1.0,False,True,precip_pctile=1.00
Cameroon,2025,2025-02-01,29.517857142857142,17.285714285714285,0.0,3.206349206349206,1.5319959243199115,0.1388888888888889,True,False,temp_z=1.53
Cameroon,2025,2025-03-01,30.35483870967742,24.838709677419356,0.02,3.155913978494624,1.8459838430400481,0.2777777777777778,True,False,temp_z=1.85
Cameroon,2025,2025-07-01,21.41290322580645,88.7741935483871,16.53,1.4202508960573477,-1.5085221857806133,0.7777777777777778,True,False,temp_z=-1.51
Canada,2024,2024-08-01,16.990322580645163,91.74193548387096,15.56,2.89247311827957,0.8787179007910711,1.0,False,True,precip_pctile=1.00
Canada,2025,2025-01-01,-9.953333333333335,77.9,1.27,3.9222222222222225,-1.8457368463258668,0.4444444444444444,True,False,temp_z=-1.85
Canada,2025,2025-02-01,-11.153571428571428,79.42857142857143,6.87,3.64781746031746,-1.967101014079565,0.7222222222222222,True,False,temp_z=-1.97
Cape Verde,2024,2024-08-01,28.338709677419356,69.51612903225806,0.51,4.520609318996415,1.5499371955563988,0.8333333333333334,True,False,temp_z=1.55
Cape Verde,2024,2024-09-01,28.126666666666665,75.36666666666666,4.01,5.286111111111111,1.4547151811453296,1.0,False,True,precip_pctile=1.00
Cape Verde,2025,2025-02-01,21.392857142857142,63.82142857142857,0.0,7.948412698412698,-1.5692322021779286,0.16666666666666666,True,False,temp_z=-1.57
Cape Verde,2025,2025-03-01,20.719354838709677,72.19354838709677,0.0,7.169354838709677,-1.8716814358676759,0.16666666666666666,True,False,temp_z=-1.87
Central African Republic,2024,2024-10-01,27.006451612903227,77.2258064516129,17.77,1.3378136200716846,-0.7306768201268679,1.0,False,True,precip_pctile=1.00
Central African Republic,2024,2024-12-01,35.08709677419355,19.516129032258064,0.0,2.721326164874552,1.8795007603137868,0.1388888888888889,True,False,temp_z=1.88
Central African Republic,2025,2025-10-01,23.9,93.0,0.17,1.1805555555555556,-1.7341103570387852,0.2777777777777778,True,False,temp_z=-1.73
Chad,2024,2024-05-01,41.63529411764706,19.352941176470587,0.0,3.8316993464052285,2.4620545853230036,0.3333333333333333,True,False,temp_z=2.46
Chad,2024,2024-06-01,37.78666666666666,35.5,0.30000000000000004,3.6759259259259256,1.5346684883717863,0.7222222222222222,True,False,temp_z=1.53
Chad,2024,2024-08-01,28.87741935483871,71.19354838709677,10.469999999999999,4.758064516129032,-0.6121519551565986,1.0,False,True,precip_pctile=1.00
Chile,2024,2024-06-01,7.8133333333333335,86.1,10.31,1.8870370370370368,-0.48079301301077115,1.0,False,True,precip_pctile=1.00
Chile,2024,2024-12-01,17.94516129032258,46.354838709677416,0.0,1.167562724014337,2.018560571676947,0.25,True,False,temp_z=2.02
Chile,2025,2025-01-01,16.19,62.86666666666667,0.0,1.0435185185185185,1.5855914488991827,0.25,True,False,temp_z=1.59
China,2024,2024-07-01,27.389655172413796,72.96551724137932,10.77,2.9233716475095783,0.6905195399403117,1.0,False,True,precip_pctile=1.00
China,2024,2024-12-01,2.293548387096774,24.516129032258064,0.01,2.7240143369175627,-1.88110389431087,0.1388888888888889,True,False,temp_z=-1.88
China,2025,2025-01-01,0.8161290322580644,28.741935483870968,0.01,2.0806451612903225,-2.0324965492601383,0.1388888888888889,True,False,temp_z=-2.03
China,2025,2025-02-01,3.6785714285714284,17.607142857142858,0.04,2.967261904761905,-1.7391791830039376,0.25,True,False,temp_z=-1.74
Colombia,2024,2024-06-01,13.5,80.0,0.02,1.3055555555555556,,1.0,False,True,precip_pctile=1.00
Comoros,2025,2025-03-01,27.9,78.64516129032258,22.95,3.6702508960573477,1.6454637017861087,1.0,True,True,temp_z=1.65; precip_pctile=1.00
Comoros,2025,2025-04-01,27.863333333333333,76.26666666666667,18.740000000000002,3.309259259259259,1.6117035108867883,0.9444444444444444,True,False,temp_z=1.61
Comoros,2025,2025-10-01,23.975,74.0,0.76,6.451388888888889,-1.9684112785730954,0.05555555555555555,True,False,temp_z=-1.97
Congo,2024,2024-08-01,31.89032258064516,42.29032258064516,0.0,3.0725806451612905,1.5184723077105464,0.16666666666666666,True,False,temp_z=1.52
Congo,2025,2025-03-01,27.641935483870967,75.03225806451613,20.5,1.7750896057347672,0.07206130909526547,1.0,False,True,precip_pctile=1.00
Congo,2025,2025-07-01,22.6,78.61290322580645,0.0,2.318100358422939,-1.6445221311748044,0.16666666666666666,True,False,temp_z=-1.64
Congo,2025,2025-08-01,21.903225806451612,75.80645161290323,0.0,2.638888888888889,-1.8817467140912065,0.16666666666666666,True,False,temp_z=-1.88
Costa Rica,2024,2024-05-01,23.705882352941178,75.23529411764706,3.18,2.906862745098039,1.549963907432889,0.6666666666666666,True,False,temp_z=1.55
Costa Rica,2024,2024-10-01,15.623333333333333,96.13333333333334,6.65,1.3333333333333333,-1.629085983043079,0.8888888888888888,True,False,temp_z=-1.63
Costa Rica,2024,2024-11-01,15.058620689655172,98.13793103448276,13.85,1.2385057471264367,-1.8512002768976874,1.0,True,True,temp_z=-1.85; precip_pctile=1.00
Costa Rica,2024,2024-12-01,13.62258064516129,94.6774193548387,4.220000000000001,2.275089605734767,-2.4160274044650345,0.7777777777777778,True,False,temp_z=-2.42
Cote d'Ivoire,2025,2025-09-01,22.78666666666667,92.6,2.84,1.5944444444444446,-0.29611323733572525,1.0,False,True,precip_pctile=1.00
Croatia,2024,2024-07-01,31.289285714285715,40.25,0.43,2.139880952380952,1.5475463082656955,0.2777777777777778,True,False,temp_z=1.55
Croatia,2024,2024-08-01,32.274193548387096,38.67741935483871,0.33999999999999997,1.6290322580645162,1.6572824776610968,0.2222222222222222,True,False,temp_z=1.66
Croatia,2024,2024-09-01,21.783333333333335,61.233333333333334,15.610000000000001,2.6064814814814814,0.48841492091861044,1.0,False,True,precip_pctile=1.00
Croatia,2025,2025-02-01,3.935714285714286,71.92857142857143,2.6199999999999997,1.60515873015873,-1.5001258128456352,0.6111111111111112,True,False,temp_z=-1.50
Cuba,2024,2024-05-01,28.823529411764707,70.58823529411765,0.02,2.725490196078431,1.8348396345214868,0.6111111111111112,True,False,temp_z=1.83
Cuba,2024,2024-06-01,27.73,81.6,9.48,3.125,1.4505123148124164,1.0,False,True,precip_pctile=1.00
Cuba,2025,2025-01-01,18.55666666666667,90.23333333333333,0.0,5.243518518518518,-1.7735094397633682,0.3055555555555556,True,False,temp_z=-1.77
Cuba,2025,2025-03-01,18.758064516129032,93.90322580645162,0.0,4.666666666666666,-1.7027269854038363,0.3055555555555556,True,False,temp_z=-1.70
Cyprus,2025,2025-02-01,13.864285714285714,50.285714285714285,3.3,4.281746031746032,-1.928061484256134,1.0,True,True,temp_z=-1.93; precip_pctile=1.00
Czech Republic,2024,2024-07-01,25.044444444444448,49.0,11.67,3.3055555555555554,1.4050698616810455,1.0,False,True,precip_pctile=1.00
Czech Republic,2024,2024-08-01,25.94516129032258,52.806451612903224,1.31,2.907706093189964,1.5174900222585932,0.3611111111111111,True,False,temp_z=1.52
Czech Republic,2025,2025-02-01,0.6392857142857142,74.25,0.1,2.619047619047619,-1.6409838186963266,0.16666666666666666,True,False,temp_z=-1.64
Democratic Republic of Congo,2024,2024-08-01,31.916129032258063,42.096774193548384,0.0,3.060035842293907,1.5703876214548302,0.16666666666666666,True,False,temp_z=1.57
Democratic Republic of Congo,2025,2025-03-01,27.75161290322581,74.87096774193549,18.370000000000005,1.75,0.13362365662039993,1.0,False,True,precip_pctile=1.00
Democratic Republic of Congo,2025,2025-07-01,22.787096774193547,77.54838709677419,0.0,2.274193548387097,-1.5791414416601517,0.16666666666666666,True,False,temp_z=-1.58
Democratic Republic of Congo,2025,2025-08-01,21.932258064516127,75.64516129032258,0.0,2.6039426523297493,-1.8740620076408834,0.16666666666666666,True,False,temp_z=-1.87
Denmark,2024,2024-07-01,19.282758620689656,66.86206896551724,7.03,4.799808429118773,1.0020684989900668,1.0,False,True,precip_pctile=1.00
Denmark,2025,2025-01-01,3.541935483870968,87.64516129032258,3.2600000000000002,6.299283154121864,-1.6514254454161095,0.5555555555555556,True,False,temp_z=-1.65
Denmark,2025,2025-02-01,2.292857142857143,83.07142857142857,0.2,4.82936507936508,-1.8619876113943599,0.1111111111111111,True,False,temp_z=-1.86
Djibouti,2024,2024-08-01,35.86129032258064,48.67741935483871,9.61,5.460573476702509,0.7448721214739139,1.0,False,True,precip_pctile=1.00
Djibouti,2025,2025-01-01,26.677419354838708,60.54838709677419,0.18,5.381720430107527,-1.6991821242968932,0.6944444444444444,True,False,temp_z=-1.70
Djibouti,2025,2025-07-01,39.987096774193546,34.774193548387096,0.0,5.554659498207885,1.8428508290049508,0.16666666666666666,True,False,temp_z=1.84
Dominica,2024,2024-05-01,30.352941176470587,67.0,2.71,2.5065359477124183,2.067062600173317,0.25,True,False,temp_z=2.07
Dominica,2024,2024-06-01,30.013333333333332,68.53333333333333,6.09,3.0175925925925924,1.8555618789651946,0.9444444444444444,True,False,temp_z=1.86
Dominica,2024,2024-08-01,28.216129032258067,81.38709677419355,6.48,3.75,0.7363003144372696,1.0,False,True,precip_pctile=1.00
Dominica,2025,2025-01-01,24.603333333333335,83.4,2.2199999999999998,5.666666666666667,-1.5136739171394824,0.1111111111111111,True,False,temp_z=-1.51
Dominican Republic,2024,2024-05-01,27.823529411764707,85.11764705882354,1.36,3.0669934640522873,1.6277984750002927,0.5555555555555556,True,False,temp_z=1.63
Dominican Republic,2024,2024-06-01,28.836666666666666,82.83333333333333,2.5700000000000003,2.6527777777777777,2.120472450978457,0.6666666666666666,True,False,temp_z=2.12
Dominican Republic,2025,2025-05-01,23.351612903225806,97.70967741935483,23.79,2.718637992831541,-0.5468297659851319,1.0,False,True,precip_pctile=1.00
Ecuador,2024,2024-05-01,15.229411764705882,67.94117647058823,0.6900000000000001,1.5147058823529411,3.2804897398951516,0.5555555555555556,True,False,temp_z=3.28
Ecuador,2024,2024-06-01,13.266666666666667,69.23333333333333,0.66,1.5583333333333333,1.923471317194805,0.5,True,False,temp_z=1.92
Ecuador,2025,2025-03-01,9.873333333333333,90.63333333333334,4.659999999999999,1.097222222222222,-0.42263865515806437,1.0,False,True,precip_pctile=1.00
Egypt,2024,2024-06-01,37.84666666666667,21.433333333333334,0.0,5.474074074074074,1.562258261114792,0.4722222222222222,True,False,temp_z=1.56
Egypt,2024,2024-07-01,37.5,25.107142857142858,0.0,4.376984126984127,1.5065826376328677,0.4722222222222222,True,False,temp_z=1.51
Egypt,2024,2024-11-01,22.006666666666668,53.4,0.21,4.190740740740741,-0.9816894579823274,1.0,False,True,precip_pctile=1.00
Egypt,2025,2025-02-01,16.87857142857143,45.357142857142854,0.060000000000000005,4.9186507936507935,-1.8052757069889673,0.9444444444444444,True,False,temp_z=-1.81
El Salvador,2024,2024-06-01,24.127586206896552,93.6896551724138,50.0,1.7250957854406128,0.2049756334372329,1.0,False,True,precip_pctile=1.00
El Salvador,2024,2024-11-01,19.93448275862069,95.48275862068965,2.08,1.3084291187739463,-1.8514662584999724,0.3888888888888889,True,False,temp_z=-1.85
El Salvador,2024,2024-12-01,19.274193548387096,91.38709677419355,0.02,1.7706093189964158,-2.1752947567634284,0.1111111111111111,True,False,temp_z=-2.18
Equatorial Guinea,2025,2025-02-01,31.0,72.14285714285714,1.59,1.7748015873015872,1.9324441350363717,0.2777777777777778,True,False,temp_z=1.93
Equatorial Guinea,2025,2025-07-01,25.938709677419357,93.38709677419355,41.01,2.434587813620072,-0.8234618099060885,1.0,False,True,precip_pctile=1.00
Equatorial Guinea,2025,2025-10-01,23.975,100.0,1.1600000000000001,2.930555555555556,-1.8927146741404572,0.19444444444444445,True,False,temp_z=-1.89
Eritrea,2024,2024-06-01,25.8,29.633333333333333,2.97,5.030555555555555,1.713255328145687,0.7222222222222222,True,False,temp_z=1.71
Eritrea,2024,2024-08-01,20.312903225806455,63.83870967741935,24.14,3.0770609318996414,-0.7680207524214134,1.0,False,True,precip_pctile=1.00
Eritrea,2024,2024-12-01,17.700000000000003,53.12903225806452,0.16,2.1218637992831537,-1.9495807907867,0.16666666666666666,True,False,temp_z=-1.95
Eritrea,2025,2025-01-01,18.306451612903224,45.0,0.17,1.9381720430107527,-1.6753421645982158,0.2222222222222222,True,False,temp_z=-1.68
Eritrea,2025,2025-06-01,25.64333333333333,19.333333333333332,0.13,4.307407407407408,1.64241034971366,0.1111111111111111,True,False,temp_z=1.64
Estonia,2024,2024-07-01,20.785714285714285,64.5,6.25,4.729166666666666,1.1352983822872436,1.0,False,True,precip_pctile=1.00
Estonia,2025,2025-02-01,-1.457142857142857,79.35714285714286,0.32,4.020833333333333,-1.7633429423319282,0.1111111111111111,True,False,temp_z=-1.76
Estonie,2024,2024-07-01,23.3,61.0,0.0,4.694444444444444,,1.0,False,True,precip_pctile=1.00
Ethiopia,2024,2024-05-01,24.41764705882353,38.35294117647059,0.57,5.132352941176471,1.9056398284425105,0.2222222222222222,True,False,temp_z=1.91
Ethiopia,2024,2024-08-01,18.5258064516129,73.74193548387096,31.64,3.0304659498207887,-0.9289650770011905,1.0,False,True,precip_pctile=1.00
Ethiopia,2025,2025-08-01,16.64516129032258,77.58064516129032,18.38,1.703405017921147,-1.8337563561590804,0.8333333333333334,True,False,temp_z=-1.83
Fiji Islands,2024,2024-08-01,21.625806451612902,85.19354838709677,32.27,3.085125448028674,-1.869665250616617,1.0,True,True,temp_z=-1.87; precip_pctile=1.00
Fiji Islands,2025,2025-02-01,26.092857142857145,95.0,11.75,2.6875,1.63292737316658,0.7777777777777778,True,False,temp_z=1.63
Finland,2025,2025-02-01,-2.039285714285714,85.42857142857143,0.22,4.107142857142857,-1.7291028170827119,0.16666666666666666,True,False,temp_z=-1.73
Finland,2025,2025-06-01,16.09,66.03333333333333,9.94,4.884259259259259,0.49742750557395166,1.0,False,True,precip_pctile=1.00
France,2024,2024-08-01,25.80322580645161,49.193548387096776,4.580000000000001,3.6980286738351253,1.6765381041843948,0.7777777777777778,True,False,temp_z=1.68
France,2025,2025-01-01,4.6,88.90322580645162,3.81,3.661290322580645,-1.7192954004575596,0.6666666666666666,True,False,temp_z=-1.72
France,2025,2025-02-01,5.514285714285714,85.64285714285714,1.57,3.134920634920635,-1.5728666405260292,0.3333333333333333,True,False,temp_z=-1.57
France,2025,2025-07-01,21.070967741935487,67.87096774193549,9.549999999999999,2.9928315412186377,0.9186364228654017,1.0,False,True,precip_pctile=1.00
Gabon,2024,2024-10-01,26.12258064516129,87.06451612903226,17.39,2.5367383512544803,-0.6282731497067735,1.0,False,True,precip_pctile=1.00
Gabon,2025,2025-07-01,24.483870967741936,82.35483870967742,0.59,3.2123655913978495,-1.5602992825327593,0.16666666666666666,True,False,temp_z=-1.56
Gabon,2025,2025-08-01,23.97741935483871,84.0,0.8200000000000001,3.161290322580645,-1.8483467290951219,0.2777777777777778,True,False,temp_z=-1.85
Gambia,2024,2024-05-01,32.8235294117647,47.8235294117647,0.0,3.5049019607843137,2.427694152196037,0.2222222222222222,True,False,temp_z=2.43
Gambia,2024,2024-06-01,31.53103448275862,56.172413793103445,0.01,3.3735632183908044,1.9559681382167213,0.4722222222222222,True,False,temp_z=1.96
Gambia,2025,2025-08-01,25.070967741935487,98.03225806451613,28.62,4.235663082437275,-0.40178311116903465,1.0,False,True,precip_pctile=1.00
Georgia,2024,2024-08-01,31.458064516129035,35.774193548387096,4.92,3.6137992831541217,1.4038746649735352,1.0,False,True,precip_pctile=1.00
Georgia,2024,2024-12-01,6.935483870967742,60.935483870967744,0.6900000000000001,2.6684587813620073,-1.6110947755641625,0.3888888888888889,True,False,temp_z=-1.61
Georgia,2025,2025-02-01,6.057142857142857,53.464285714285715,1.44,2.581349206349206,-1.7190838715476415,0.6666666666666666,True,False,temp_z=-1.72
Germany,2025,2025-02-01,2.607142857142857,76.07142857142857,0.25,3.099206349206349,-1.6105875217510135,0.05555555555555555,True,False,temp_z=-1.61
Germany,2025,2025-07-01,20.932258064516127,67.25806451612904,6.960000000000001,3.7849462365591395,0.8054402570894916,1.0,False,True,precip_pctile=1.00
Ghana,2025,2025-06-01,26.646666666666665,87.03333333333333,12.54,3.6009259259259263,-0.524722496892446,1.0,False,True,precip_pctile=1.00
Ghana,2025,2025-08-01,24.041935483870965,90.54838709677419,0.71,3.947132616487455,-1.8367780243792653,0.3333333333333333,True,False,temp_z=-1.84
Ghana,2025,2025-10-01,24.6,94.25,2.1399999999999997,3.076388888888889,-1.5556696943075745,0.7222222222222222,True,False,temp_z=-1.56
Greece,2025,2025-02-01,11.674999999999999,61.535714285714285,1.9600000000000002,3.9861111111111107,-1.7288709383748913,0.9444444444444444,True,False,temp_z=-1.73
Greece,2025,2025-10-01,20.225,59.25,2.88,2.25,-0.5898714891490866,1.0,False,True,precip_pctile=1.00
Grenada,2024,2024-05-01,30.099999999999998,73.52941176470588,0.74,6.928104575163398,2.0103672732717954,0.1111111111111111,True,False,temp_z=2.01
Grenada,2024,2024-06-01,29.75,76.92857142857143,6.07,6.136904761904761,1.7431720313487058,0.7777777777777778,True,False,temp_z=1.74
Grenada,2024,2024-08-01,28.580645161290324,79.58064516129032,14.799999999999999,4.060931899641577,0.8504690341402221,1.0,False,True,precip_pctile=1.00
Guatemala,2024,2024-05-01,21.529411764705884,82.58823529411765,0.97,3.5669934640522873,2.663576448982799,0.5,True,False,temp_z=2.66
Guatemala,2024,2024-06-01,19.448275862068964,88.65517241379311,14.01,2.3132183908045976,1.2572387092922144,1.0,False,True,precip_pctile=1.00
Guatemala,2024,2024-12-01,15.106451612903227,89.0,0.1,2.0501792114695343,-1.6767702100526332,0.19444444444444445,True,False,temp_z=-1.68
Guatemala,2025,2025-01-01,15.31,89.33333333333333,0.07,1.8601851851851852,-1.539221394396416,0.1111111111111111,True,False,temp_z=-1.54
Guinea,2024,2024-05-01,30.529411764705884,72.47058823529412,0.36000000000000004,3.477124183006536,2.7303307018103653,0.3333333333333333,True,False,temp_z=2.73
Guinea,2024,2024-06-01,29.196666666666665,75.46666666666667,8.72,3.585185185185185,1.826362845485388,0.5555555555555556,True,False,temp_z=1.83
Guinea,2025,2025-08-01,24.91290322580645,94.96774193548387,48.34,4.347670250896057,-1.079207364703272,1.0,False,True,precip_pctile=1.00
Guinea,2025,2025-10-01,24.175,92.0,0.06,2.7222222222222223,-1.5797087720533456,0.2222222222222222,True,False,temp_z=-1.58
Guinea-Bissau,2024,2024-05-01,34.35294117647059,47.411764705882355,0.0,3.3856209150326797,2.8649772892415526,0.19444444444444445,True,False,temp_z=2.86
Guinea-Bissau,2024,2024-06-01,31.990000000000002,58.56666666666667,0.7,2.696296296296296,1.9875020363161255,0.4444444444444444,True,False,temp_z=1.99
Guinea-Bissau,2025,2025-07-01,25.280645161290323,96.83870967741936,56.97,3.8637992831541217,-0.5040084983882501,1.0,False,True,precip_pctile=1.00
Guyana,2024,2024-05-01,28.11764705882353,85.0,12.9,3.4133986928104574,2.0978549508328426,0.5,True,False,temp_z=2.10
Guyana,2024,2024-06-01,27.67,85.8,17.35,2.376851851851852,1.8110825656772356,0.6666666666666666,True,False,temp_z=1.81
Guyana,2025,2025-05-01,24.358064516129033,98.45161290322581,29.51,2.229390681003584,-0.3106149177984429,1.0,False,True,precip_pctile=1.00
Haiti,2024,2024-05-01,28.823529411764707,70.6470588235294,2.57,4.2026143790849675,1.6817964935163376,0.8888888888888888,True,False,temp_z=1.68
Haiti,2024,2024-06-01,30.086666666666666,69.83333333333333,2.9899999999999998,5.260185185185184,2.0044404951372323,0.9444444444444444,True,False,temp_z=2.00
Haiti,2024,2024-07-01,28.36551724137931,71.89655172413794,0.12,3.5795019157088124,1.5648061356825131,0.7222222222222222,True,False,temp_z=1.56
Haiti,2025,2025-08-01,21.04516129032258,90.83870967741936,3.49,1.3620071684587813,-0.305037326041363,1.0,False,True,precip_pctile=1.00
Honduras,2024,2024-05-01,24.58823529411765,71.76470588235294,0.56,1.6176470588235294,2.4422318627918855,0.5,True,False,temp_z=2.44
Honduras,2024,2024-06-01,21.853333333333335,86.93333333333334,12.129999999999999,1.5796296296296295,1.13693859025233,1.0,False,True,precip_pctile=1.00
Honduras,2024,2024-11-01,15.910344827586206,95.62068965517241,4.37,1.777777777777778,-1.699485905603086,0.8888888888888888,True,False,temp_z=-1.70
Honduras,2024,2024-12-01,15.85483870967742,94.03225806451613,0.25,2.717741935483871,-1.7259774447258809,0.3888888888888889,True,False,temp_z=-1.73
Hungary,2024,2024-07-01,31.279310344827586,35.0,2.09,3.971264367816092,1.5274353953114572,0.6666666666666666,True,False,temp_z=1.53
Hungary,2024,2024-08-01,31.351612903225806,34.96774193548387,0.01,3.029569892473118,1.5352997018441825,0.1111111111111111,True,False,temp_z=1.54
Hungary,2024,2024-09-01,21.946666666666665,55.36666666666667,4.72,4.207407407407407,0.5123292597647261,1.0,False,True,precip_pctile=1.00
Hungary,2025,2025-02-01,2.8249999999999997,62.107142857142854,0.91,2.193452380952381,-1.5675231191099548,0.6111111111111112,True,False,temp_z=-1.57
Iceland,2024,2024-12-01,1.8806451612903226,77.61290322580645,4.35,10.232974910394265,-1.6169466108154094,0.4444444444444444,True,False,temp_z=-1.62
Iceland,2025,2025-01-01,1.7451612903225806,82.0,12.54,8.03405017921147,-1.6604710553662243,1.0,True,True,temp_z=-1.66; precip_pctile=1.00
Inde,2024,2024-07-01,31.2,71.0,0.0,1.8888888888888888,,1.0,False,True,precip_pctile=1.00
India,2024,2024-12-01,21.88064516129032,31.64516129032258,0.1,2.5152329749103943,-1.9958345049220139,0.4444444444444444,True,False,temp_z=-2.00
India,2025,2025-01-01,20.73225806451613,47.774193548387096,0.03,2.7025089605734767,-2.2208249654192165,0.3888888888888889,True,False,temp_z=-2.22
India,2025,2025-08-01,31.77741935483871,69.83870967741936,9.68,3.6236559139784945,-0.0568717723225202,1.0,False,True,precip_pctile=1.00
Indonesia,2024,2024-06-01,24.57377049180328,85.08196721311475,16.86,2.0450819672131146,-1.7126139369504965,0.5555555555555556,True,False,temp_z=-1.71
Indonesia,2024,2024-07-01,24.74655172413793,80.98275862068965,5.6000000000000005,2.5244252873563218,-1.6226062536058614,0.1111111111111111,True,False,temp_z=-1.62
Indonesia,2025,2025-01-01,26.87741935483871,83.30645161290323,81.46000000000001,3.060483870967742,-0.5125640553769861,1.0,False,True,precip_pctile=1.00
Indonesia,2025,2025-10-01,30.9875,61.75,0.79,3.1770833333333335,1.628518238295269,0.05555555555555555,True,False,temp_z=1.63
Iran,2024,2024-12-01,6.408064516129032,40.58064516129032,1.32,2.2016129032258065,-1.5917310524563166,0.7222222222222222,True,False,temp_z=-1.59
Iran,2025,2025-01-01,5.975806451612903,41.20967741935484,0.94,1.9910394265232976,-1.635532438810279,0.6666666666666666,True,False,temp_z=-1.64
Iran,2025,2025-02-01,3.435714285714286,43.80357142857143,1.6500000000000001,2.9345238095238098,-1.8929239543572316,0.8333333333333334,True,False,temp_z=-1.89
Iran,2025,2025-03-01,12.690322580645162,36.17741935483871,10.48,3.293906810035842,-0.9551400082448087,1.0,False,True,precip_pctile=1.00
Iraq,2025,2025-01-01,16.467741935483872,44.54838709677419,0.63,4.181003584229391,-1.6706485152842763,1.0,True,True,temp_z=-1.67; precip_pctile=1.00
Iraq,2025,2025-02-01,15.335714285714285,38.785714285714285,0.36,3.8640873015873014,-1.7867512506385024,0.8888888888888888,True,False,temp_z=-1.79
Ireland,2025,2025-01-01,4.516129032258065,87.74193548387096,9.41,4.218637992831541,-2.030259526435356,1.0,True,True,temp_z=-2.03; precip_pctile=1.00
Israel,2024,2024-11-01,17.35666666666667,48.86666666666667,0.26,3.4740740740740743,-1.5167351700132812,0.7777777777777778,True,False,temp_z=-1.52
Israel,2024,2024-12-01,14.438709677419356,42.87096774193548,0.8800000000000001,3.416666666666667,-2.0400917944627306,0.8888888888888888,True,False,temp_z=-2.04
Israel,2025,2025-02-01,16.310714285714287,52.92857142857143,3.12,4.5476190476190474,-1.7043342708387208,1.0,True,True,temp_z=-1.70; precip_pctile=1.00
Italy,2024,2024-07-01,34.38214285714286,33.392857142857146,0.06,4.466269841269841,1.6561694753147822,0.16666666666666666,True,False,temp_z=1.66
Italy,2024,2024-08-01,34.71935483870968,34.70967741935484,0.08,3.813620071684588,1.6997289988851236,0.2222222222222222,True,False,temp_z=1.70
Italy,2025,2025-09-01,22.246666666666666,71.66666666666667,6.58,2.3472222222222223,0.08856336980152643,1.0,False,True,precip_pctile=1.00
Jamaica,2024,2024-05-01,30.21764705882353,67.76470588235294,0.28,3.258169934640523,1.8289010038365112,0.7222222222222222,True,False,temp_z=1.83
Jamaica,2024,2024-06-01,30.323333333333334,70.63333333333334,4.02,5.343518518518518,1.8962817318267151,0.8333333333333334,True,False,temp_z=1.90
Jamaica,2024,2024-11-01,26.348275862068967,85.58620689655173,51.78,1.7672413793103448,-0.6380328464759473,1.0,False,True,precip_pctile=1.00
Japan,2025,2025-01-01,8.570967741935483,52.83870967741935,3.3099999999999996,3.7948028673835124,-1.7116548923243107,0.5555555555555556,True,False,temp_z=-1.71
Japan,2025,2025-02-01,8.214285714285714,44.82142857142857,0.67,5.315476190476191,-1.7589605049784034,0.16666666666666666,True,False,temp_z=-1.76
Japan,2025,2025-05-01,20.858064516129033,64.61290322580645,16.81,5.825268817204301,-0.08205599026219935,1.0,False,True,precip_pctile=1.00
Jemen,2024,2024-07-01,26.1,34.0,0.2,4.111111111111112,,1.0,False,True,precip_pctile=1.00
Jordan,2025,2025-01-01,13.893548387096773,48.225806451612904,0.06,3.910394265232975,-1.553647687458799,0.7222222222222222,True,False,temp_z=-1.55
Jordan,2025,2025-02-01,10.807142857142859,53.464285714285715,2.0100000000000002,4.98015873015873,-2.0024932301778904,1.0,True,True,temp_z=-2.00; precip_pctile=1.00
Kazakhstan,2024,2024-07-01,24.451724137931034,50.275862068965516,5.21,4.836206896551724,1.0102632096994457,1.0,False,True,precip_pctile=1.00
Kazakhstan,2024,2024-12-01,-9.374193548387098,85.64516129032258,0.84,4.707885304659498,-1.7336805703488807,0.16666666666666666,True,False,temp_z=-1.73
Kazakhstan,2025,2025-01-01,-9.187096774193549,80.35483870967742,1.06,5.137096774193548,-1.718503361127942,0.2777777777777778,True,False,temp_z=-1.72
Kazakhstan,2025,2025-02-01,-6.992857142857143,82.28571428571429,0.26,4.3561507936507935,-1.5405075933804087,0.1111111111111111,True,False,temp_z=-1.54
Kenya,2024,2024-05-01,23.711764705882356,58.8235294117647,9.44,3.511437908496732,0.6429960002705988,1.0,False,True,precip_pctile=1.00
Kenya,2025,2025-07-01,18.17096774193548,73.74193548387096,0.49,2.2795698924731185,-1.950978684039329,0.3333333333333333,True,False,temp_z=-1.95
Kenya,2025,2025-08-01,18.335483870967742,68.35483870967742,2.15,2.458781362007169,-1.8739589562551937,0.5,True,False,temp_z=-1.87
Kiribati,2024,2024-05-01,29.0875,74.3125,1.22,5.845486111111111,1.8921743337506014,0.5,True,False,temp_z=1.89
Kiribati,2024,2024-06-01,28.862068965517242,71.20689655172414,0.47000000000000003,4.816091954022988,1.523057955958004,0.2222222222222222,True,False,temp_z=1.52
Kiribati,2025,2025-02-01,26.910714285714285,77.92857142857143,0.24,6.489087301587301,-1.6720521266007322,0.05555555555555555,True,False,temp_z=-1.67
Kiribati,2025,2025-03-01,26.83225806451613,81.54838709677419,0.72,7.051971326164875,-1.8005148125410446,0.4444444444444444,True,False,temp_z=-1.80
Kiribati,2025,2025-07-01,27.961290322580645,75.38709677419355,3.22,6.048387096774194,0.048140579845262134,1.0,False,True,precip_pctile=1.00
Komoren,2024,2024-07-01,25.2,71.0,0.0,6.888888888888889,,1.0,False,True,precip_pctile=1.00
Kosovo,2024,2024-06-01,29.3,42.0,0.27,2.611111111111111,,1.0,False,True,precip_pctile=1.00
Kuwait,2024,2024-12-01,20.129032258064516,30.193548387096776,0.0,4.328853046594983,-1.6015336727606515,0.3611111111111111,True,False,temp_z=-1.60
Kuwait,2025,2025-01-01,20.016129032258064,31.451612903225808,0.63,4.0,-1.6140733691016496,1.0,True,True,temp_z=-1.61; precip_pctile=1.00
Kuwait,2025,2025-02-01,18.310714285714287,36.32142857142857,0.13,4.182539682539683,-1.8034867618932753,0.8333333333333334,True,False,temp_z=-1.80
Kyrghyzstan,2024,2024-07-01,27.75357142857143,39.92857142857143,14.78,4.291666666666666,0.8165142886420197,1.0,False,True,precip_pctile=1.00
Kyrghyzstan,2024,2024-12-01,0.4000000000000001,73.58064516129032,3.7399999999999998,1.7526881720430108,-1.7433949814747838,0.7777777777777778,True,False,temp_z=-1.74
Kyrghyzstan,2025,2025-01-01,0.28387096774193543,79.64516129032258,1.17,1.375448028673835,-1.7542630243182344,0.2222222222222222,True,False,temp_z=-1.75
Lao People's Democratic Republic,2024,2024-06-01,25.0,95.0,1.97,2.5,,1.0,False,True,precip_pctile=1.00
Latvia,2025,2025-02-01,-1.4857142857142858,80.14285714285714,1.32,3.498015873015873,-1.8445875825340943,0.16666666666666666,True,False,temp_z=-1.84
Latvia,2025,2025-07-01,21.67096774193548,72.0,5.5,3.2903225806451615,1.0650180643892093,1.0,False,True,precip_pctile=1.00
Lebanon,2025,2025-02-01,14.821428571428571,54.5,5.72,3.893849206349206,-2.1770064206213586,1.0,True,True,temp_z=-2.18; precip_pctile=1.00
Lesotho,2024,2024-12-01,29.248387096774195,26.64516129032258,1.35,5.299283154121864,1.8832978527973347,0.8333333333333334,True,False,temp_z=1.88
Lesotho,2025,2025-04-01,16.95,67.86666666666666,8.27,2.6222222222222222,-0.3934277966290272,1.0,False,True,precip_pctile=1.00
Lesotho,2025,2025-06-01,10.623333333333333,50.93333333333333,0.07,2.632407407407407,-1.5646451409870448,0.2777777777777778,True,False,temp_z=-1.56
Lesotho,2025,2025-07-01,10.729032258064517,56.903225806451616,0.37,2.539426523297491,-1.545077741525745,0.5555555555555556,True,False,temp_z=-1.55
Letonia,2024,2024-07-01,20.6,94.0,1.83,3.6944444444444446,,1.0,False,True,precip_pctile=1.00
Liberia,2024,2024-05-01,30.705882352941178,74.58823529411765,2.01,3.8202614379084965,2.4589765586451833,0.2777777777777778,True,False,temp_z=2.46
Liberia,2024,2024-09-01,25.896666666666665,86.9,28.32,3.2203703703703703,-0.4204799922042562,1.0,False,True,precip_pctile=1.00
Libya,2024,2024-06-01,27.0,74.0,0.0,8.805555555555555,,1.0,False,True,precip_pctile=1.00
Liechtenstein,2024,2024-12-01,-0.5870967741935483,89.06451612903226,4.08,2.0044802867383513,-1.7971662891235822,0.5,True,False,temp_z=-1.80
Liechtenstein,2025,2025-07-01,19.06451612903226,76.2258064516129,20.07,1.3915770609318996,0.8477124880444843,1.0,False,True,precip_pctile=1.00
Lithuania,2024,2024-07-01,23.349999999999998,57.857142857142854,18.41,4.10515873015873,1.250565174738627,1.0,False,True,precip_pctile=1.00
Lithuania,2025,2025-02-01,-2.8857142857142857,73.67857142857143,0.33,3.7876984126984126,-1.8748238859750006,0.1111111111111111,True,False,temp_z=-1.87
Luxembourg,2024,2024-06-01,18.92758620689655,63.724137931034484,7.54,4.10823754789272,0.9374889924153058,1.0,False,True,precip_pctile=1.00
Luxembourg,2024,2024-08-01,23.04516129032258,62.193548387096776,3.8899999999999997,3.8817204301075265,1.5727952124163573,0.7777777777777778,True,False,temp_z=1.57
Luxembourg,2025,2025-01-01,2.3838709677419354,88.29032258064517,6.54,4.223118279569892,-1.6150631724904503,0.9444444444444444,True,False,temp_z=-1.62
Luxembourg,2025,2025-02-01,2.5535714285714284,82.60714285714286,0.22,3.488095238095238,-1.5888798592253242,0.1111111111111111,True,False,temp_z=-1.59
Macedonia,2024,2024-08-01,35.97096774193548,22.29032258064516,0.19,2.855734767025089,1.5715766944663516,0.2777777777777778,True,False,temp_z=1.57
Macedonia,2024,2024-09-01,26.38,43.03333333333333,3.7800000000000002,2.257407407407407,0.6076369844242615,1.0,False,True,precip_pctile=1.00
Macedonia,2025,2025-01-01,5.145161290322581,77.96774193548387,1.7699999999999998,1.2724014336917562,-1.5265693667344469,0.7222222222222222,True,False,temp_z=-1.53
Madagascar,2024,2024-12-01,33.24354838709677,30.548387096774192,2.38,2.7150537634408605,1.8974109518982123,0.7222222222222222,True,False,temp_z=1.90
Madagascar,2025,2025-02-01,28.96727272727273,55.41818181818182,21.92,2.9474747474747476,0.8320964882170889,1.0,False,True,precip_pctile=1.00
Malawi,2024,2024-12-01,30.809677419354838,36.38709677419355,2.46,3.657706093189964,2.0358715489244528,0.7777777777777778,True,False,temp_z=2.04
Malawi,2025,2025-02-01,24.442857142857143,72.35714285714286,14.27,2.7410714285714284,-0.0003730006399444911,1.0,False,True,precip_pctile=1.00
Malawi,2025,2025-10-01,19.0,56.75,0.1,3.770833333333333,-1.7411144869532842,0.5,True,False,temp_z=-1.74
Malaysia,2025,2025-03-01,30.154838709677417,72.06451612903226,30.08,1.5456989247311828,0.21543487075563575,1.0,False,True,precip_pctile=1.00
Malaysia,2025,2025-06-01,32.52333333333333,60.56666666666667,10.25,2.1694444444444447,1.5184876609602227,0.2777777777777778,True,False,temp_z=1.52
Malaysia,2025,2025-07-01,33.277419354838706,55.58064516129032,7.4,2.7114695340501793,1.933356195835817,0.2222222222222222,True,False,temp_z=1.93
Maldives,2025,2025-01-01,27.20967741935484,75.7741935483871,13.94,5.289426523297491,-1.727237434205676,1.0,True,True,temp_z=-1.73; precip_pctile=1.00
Maldives,2025,2025-04-01,28.983333333333334,70.2,3.93,3.5277777777777777,1.71731410311447,0.3333333333333333,True,False,temp_z=1.72
Maldives,2025,2025-05-01,29.067741935483873,75.74193548387096,7.71,6.780465949820789,1.881240926806277,0.6111111111111112,True,False,temp_z=1.88
Mali,2024,2024-05-01,37.11764705882353,36.64705882352941,0.14,2.8431372549019605,2.5578520201956065,0.5833333333333334,True,False,temp_z=2.56
Mali,2024,2024-06-01,35.02333333333333,43.6,0.14,2.7277777777777774,1.962454646424853,0.5833333333333334,True,False,temp_z=1.96
Mali,2024,2024-08-01,27.961290322580645,73.96774193548387,12.64,3.575268817204301,-0.04523016740317074,1.0,False,True,precip_pctile=1.00
Malta,2024,2024-11-01,20.543333333333333,69.6,6.12,4.930555555555555,-0.6841359728383201,1.0,False,True,precip_pctile=1.00
Malta,2025,2025-02-01,15.710714285714285,75.21428571428571,1.1300000000000001,5.843253968253968,-1.5988542005691289,0.7222222222222222,True,False,temp_z=-1.60
Malásia,2024,2024-07-01,24.3,93.0,1.55,1.805555555555556,,1.0,False,True,precip_pctile=1.00
Marrocos,2024,2024-07-01,40.3,14.0,0.0,4.694444444444444,,1.0,False,True,precip_pctile=1.00
Marshall Islands,2024,2024-09-01,28.496774193548386,80.25806451612904,17.44,2.8324372759856633,1.308052228707674,1.0,False,True,precip_pctile=1.00
Marshall Islands,2024,2024-10-01,28.58709677419355,79.83870967741936,7.44,4.227598566308243,1.646917800260027,0.4444444444444444,True,False,temp_z=1.65
Marshall Islands,2025,2025-02-01,27.557142857142857,81.5,3.29,8.424603174603174,-2.217187059023061,0.1111111111111111,True,False,temp_z=-2.22
Marshall Islands,2025,2025-07-01,27.616129032258065,84.41935483870968,16.8,6.517921146953404,-1.99588709392765,0.9444444444444444,True,False,temp_z=-2.00
Mauritania,2024,2024-09-01,28.063333333333333,62.56666666666667,0.95,4.682407407407408,1.2511120810647025,1.0,False,True,precip_pctile=1.00
Mauritania,2025,2025-01-01,20.09032258064516,30.0,0.0,7.200716845878136,-1.681232217681039,0.3333333333333333,True,False,temp_z=-1.68
Mauritania,2025,2025-02-01,20.57857142857143,32.07142857142857,0.0,7.055555555555555,-1.501662194512181,0.3333333333333333,True,False,temp_z=-1.50
Mauritania,2025,2025-03-01,19.361290322580647,56.32258064516129,0.0,6.397849462365591,-1.9493584816292524,0.3333333333333333,True,False,temp_z=-1.95
Mauritius,2025,2025-01-01,30.461290322580645,63.74193548387097,3.33,5.128136200716846,1.5975790520312723,0.7777777777777778,True,False,temp_z=1.60
Mauritius,2025,2025-02-01,30.75357142857143,71.14285714285714,10.780000000000001,4.470238095238095,1.70715183048838,1.0,True,True,temp_z=1.71; precip_pctile=1.00
Mauritius,2025,2025-03-01,30.503225806451614,69.2258064516129,10.35,4.50179211469534,1.613300175940767,0.9444444444444444,True,False,temp_z=1.61
Mexico,2024,2024-05-01,19.75294117647059,53.8235294117647,0.05,1.8480392156862744,2.1318161867551364,0.6666666666666666,True,False,temp_z=2.13
Mexico,2024,2024-07-01,14.810714285714285,85.17857142857143,9.77,1.8571428571428572,0.025247931195503465,1.0,False,True,precip_pctile=1.00
Mexico,2024,2024-12-01,10.393548387096773,74.96774193548387,0.0,1.6084229390681004,-1.8575190212833306,0.3333333333333333,True,False,temp_z=-1.86
Mexico,2025,2025-01-01,10.946666666666665,70.8,0.0,1.5555555555555556,-1.6217586171037914,0.3333333333333333,True,False,temp_z=-1.62
Mexique,2024,2024-07-01,27.4,72.0,0.0,4.194444444444445,,1.0,False,True,precip_pctile=1.00
Micronesia,2024,2024-07-01,27.23,86.2,22.03,2.4509259259259255,-1.15041562008152,1.0,False,True,precip_pctile=1.00
Micronesia,2024,2024-09-01,26.616666666666667,90.66666666666667,13.91,2.628703703703704,-2.2797041536777085,0.8333333333333334,True,False,temp_z=-2.28
Micronesia,2025,2025-09-01,28.823333333333334,81.53333333333333,6.8100000000000005,3.4490740740740744,1.7832795921955356,0.2222222222222222,True,False,temp_z=1.78
Monaco,2024,2024-08-01,28.55483870967742,65.19354838709677,2.66,3.1980286738351253,1.5027152040488014,0.7777777777777778,True,False,temp_z=1.50
Monaco,2024,2024-10-01,19.561290322580643,71.3225806451613,16.45,2.1362007168458783,-0.1062644998176981,1.0,False,True,precip_pctile=1.00
Monaco,2024,2024-12-01,11.558064516129033,47.87096774193548,1.05,1.446236559139785,-1.5380717614004753,0.3888888888888889,True,False,temp_z=-1.54
Monaco,2025,2025-01-01,11.429032258064517,62.45161290322581,3.94,2.578853046594982,-1.561156118701286,0.8333333333333334,True,False,temp_z=-1.56
Mongolia,2024,2024-06-01,15.323333333333332,58.3,7.960000000000001,3.051851851851852,0.49244920351105603,1.0,False,True,precip_pctile=1.00
Mongolia,2024,2024-12-01,-19.55483870967742,81.41935483870968,0.25,1.4919354838709677,-1.987532128891012,0.3333333333333333,True,False,temp_z=-1.99
Mongolia,2025,2025-01-01,-18.483870967741936,71.29032258064517,0.19,1.653225806451613,-1.9113819222709656,0.2777777777777778,True,False,temp_z=-1.91
Montenegro,2024,2024-08-01,34.91935483870968,30.580645161290324,0.73,3.1137992831541217,1.565156068386758,0.16666666666666666,True,False,temp_z=1.57
Montenegro,2024,2024-12-01,9.748387096774193,68.83870967741936,30.33,1.9301075268817203,-1.427274275081126,1.0,False,True,precip_pctile=1.00
Morocco,2024,2024-08-01,26.5,66.16129032258064,0.0,4.10573476702509,1.630755705928879,0.1388888888888889,True,False,temp_z=1.63
Morocco,2025,2025-01-01,15.96774193548387,66.29032258064517,1.5999999999999999,3.7768817204301075,-1.5297039414489784,0.8888888888888888,True,False,temp_z=-1.53
Morocco,2025,2025-02-01,16.021428571428572,75.39285714285714,2.04,3.4682539682539684,-1.5135939633733042,0.9444444444444444,True,False,temp_z=-1.51
Morocco,2025,2025-03-01,15.974193548387097,81.80645161290323,11.47,5.476702508960574,-1.527767978418425,1.0,True,True,temp_z=-1.53; precip_pctile=1.00
Mozambique,2024,2024-12-01,31.161290322580644,56.193548387096776,0.15,4.531362007168459,1.772943235916883,0.3333333333333333,True,False,temp_z=1.77
Mozambique,2025,2025-01-01,30.81935483870968,62.12903225806452,1.6300000000000001,4.344086021505376,1.6591458654361413,0.8888888888888888,True,False,temp_z=1.66
Mozambique,2025,2025-02-01,29.810714285714287,66.46428571428571,6.74,4.459325396825397,1.3234666273772129,1.0,False,True,precip_pctile=1.00
Mozambique,2025,2025-10-01,20.225,68.75,0.1,3.958333333333333,-1.8666938892938427,0.2777777777777778,True,False,temp_z=-1.87
Myanmar,2025,2025-03-01,36.012903225806454,50.38709677419355,0.0,4.96415770609319,2.526928799876558,0.1111111111111111,True,False,temp_z=2.53
Myanmar,2025,2025-04-01,33.89,59.46666666666667,2.17,5.388888888888888,1.604896912662726,0.3333333333333333,True,False,temp_z=1.60
Myanmar,2025,2025-07-01,29.032258064516128,84.35483870967742,53.379999999999995,4.649641577060931,-0.5049463010666604,1.0,False,True,precip_pctile=1.00
Namibia,2024,2024-12-01,30.87741935483871,20.29032258064516,1.28,4.746415770609319,1.665772731024319,0.7777777777777778,True,False,temp_z=1.67
Namibia,2025,2025-03-01,24.0,63.67741935483871,4.53,4.620071684587814,0.1687190917649554,1.0,False,True,precip_pctile=1.00
Namibia,2025,2025-06-01,15.42,38.1,0.0,4.871296296296296,-1.698946606969592,0.3333333333333333,True,False,temp_z=-1.70
Namibia,2025,2025-07-01,15.40967741935484,38.41935483870968,0.0,5.921146953405017,-1.701193591793996,0.3333333333333333,True,False,temp_z=-1.70
Namibia,2025,2025-08-01,16.24516129032258,27.774193548387096,0.04,4.476702508960574,-1.5193282575687732,0.6666666666666666,True,False,temp_z=-1.52
Nepal,2024,2024-12-01,13.654838709677419,53.25806451612903,0.13,1.4157706093189963,-2.692489002877401,0.1111111111111111,True,False,temp_z=-2.69
Nepal,2025,2025-01-01,17.61935483870968,46.483870967741936,0.060000000000000005,1.7948028673835124,-1.6169284722560926,0.05555555555555555,True,False,temp_z=-1.62
Nepal,2025,2025-07-01,27.625806451612902,68.70967741935483,38.519999999999996,1.7096774193548387,1.0977898076359314,1.0,False,True,precip_pctile=1.00
Netherlands,2024,2024-09-01,18.336666666666666,73.86666666666666,9.5,5.408333333333333,0.6900485455352462,1.0,False,True,precip_pctile=1.00
Netherlands,2025,2025-01-01,4.693548387096774,87.80645161290323,5.21,4.238351254480286,-1.715517800188866,0.8888888888888888,True,False,temp_z=-1.72
Netherlands,2025,2025-02-01,4.746428571428572,82.78571428571429,1.3299999999999998,4.20436507936508,-1.7061939206198713,0.3888888888888889,True,False,temp_z=-1.71
New Zealand,2024,2024-09-01,12.02258064516129,76.54838709677419,14.06,7.771505376344086,-0.36383418025753883,1.0,False,True,precip_pctile=1.00
New Zealand,2025,2025-02-01,17.785714285714285,80.35714285714286,0.5800000000000001,5.1021825396825395,2.0217626668585504,0.1111111111111111,True,False,temp_z=2.02
Nicaragua,2024,2024-05-01,29.188235294117646,78.05882352941177,2.51,2.2434640522875817,3.066129558329372,0.6666666666666666,True,False,temp_z=3.07
Nicaragua,2024,2024-06-01,26.746666666666666,87.73333333333333,12.7,1.7277777777777776,1.481619349306594,1.0,False,True,precip_pctile=1.00
Niger,2024,2024-05-01,40.588235294117645,21.058823529411764,0.0,4.379084967320261,2.535876628599767,0.3611111111111111,True,False,temp_z=2.54
Niger,2024,2024-06-01,37.32,31.033333333333335,0.26,4.7481481481481485,1.6813296897541377,0.8333333333333334,True,False,temp_z=1.68
Niger,2024,2024-08-01,30.806451612903224,59.87096774193548,9.0,5.736559139784947,-0.021770709790128833,1.0,False,True,precip_pctile=1.00
Nigeria,2024,2024-05-01,33.3235294117647,54.588235294117645,0.0,2.991830065359477,1.5739582156957594,0.19444444444444445,True,False,temp_z=1.57
Nigeria,2024,2024-08-01,26.361290322580647,79.96774193548387,15.780000000000001,3.293906810035842,-0.6011502185398675,1.0,False,True,precip_pctile=1.00
Nigeria,2025,2025-10-01,22.7,97.0,0.06,1.4722222222222223,-1.7449925024399107,0.3888888888888889,True,False,temp_z=-1.74
North Korea,2024,2024-07-01,23.57857142857143,90.67857142857143,12.16,3.0535714285714284,0.6665475076180414,1.0,False,True,precip_pctile=1.00
North Korea,2024,2024-12-01,-1.5838709677419356,51.32258064516129,0.03,2.7446236559139785,-1.7514122665752188,0.2777777777777778,True,False,temp_z=-1.75
North Korea,2025,2025-01-01,-3.0387096774193547,58.096774193548384,0.2,2.835125448028674,-1.8912135395412577,0.3333333333333333,True,False,temp_z=-1.89
North Korea,2025,2025-02-01,-3.3892857142857147,64.60714285714286,0.0,3.923611111111111,-1.9249017937094282,0.08333333333333333,True,False,temp_z=-1.92
Norway,2025,2025-01-01,-1.8838709677419354,85.35483870967742,3.06,1.982974910394265,-1.7425398215218937,0.7777777777777778,True,False,temp_z=-1.74
Norway,2025,2025-02-01,-2.692857142857143,81.92857142857143,0.45,1.75,-1.860962356566142,0.1111111111111111,True,False,temp_z=-1.86
Norway,2025,2025-09-01,13.16,83.5,8.83,1.9203703703703703,0.459640378436233,1.0,False,True,precip_pctile=1.00
Oman,2024,2024-09-01,32.88,62.4,0.36,3.9212962962962963,0.02062751459257866,1.0,False,True,precip_pctile=1.00
Oman,2024,2024-12-01,25.516129032258064,46.67741935483871,0.0,4.419354838709677,-1.7110192445469141,0.4444444444444444,True,False,temp_z=-1.71
Oman,2025,2025-01-01,23.845161290322583,47.483870967741936,0.07,4.582437275985662,-2.103954684022232,0.9444444444444444,True,False,temp_z=-2.10
Oman,2025,2025-02-01,25.667857142857144,57.17857142857143,0.0,5.042658730158729,-1.675339709674534,0.4444444444444444,True,False,temp_z=-1.68
Pakistan,2024,2024-12-01,18.87741935483871,17.967741935483872,0.02,2.3360215053763445,-1.933661530484711,0.3611111111111111,True,False,temp_z=-1.93
Pakistan,2025,2025-01-01,19.751612903225805,19.677419354838708,0.02,2.7222222222222223,-1.7840322202288645,0.3611111111111111,True,False,temp_z=-1.78
Pakistan,2025,2025-02-01,20.400000000000002,28.428571428571427,8.39,3.101190476190476,-1.6730525473084756,0.9444444444444444,True,False,temp_z=-1.67
Pakistan,2025,2025-07-01,31.896774193548385,59.225806451612904,22.950000000000003,2.1317204301075265,0.29476613074258645,1.0,False,True,precip_pctile=1.00
Palau,2024,2024-06-01,26.67241379310345,87.6896551724138,11.49,1.761494252873563,-1.627695739095359,0.5555555555555556,True,False,temp_z=-1.63
Palau,2025,2025-06-01,27.996666666666666,83.53333333333333,24.57,3.939814814814815,-0.05262316494890668,1.0,False,True,precip_pctile=1.00
Palau,2025,2025-10-01,29.95,73.75,0.02,2.2222222222222223,2.2706806563378588,0.05555555555555555,True,False,temp_z=2.27
Panama,2024,2024-05-01,28.176470588235293,85.0,12.399999999999999,2.0915032679738563,2.8669521398842064,1.0,True,True,temp_z=2.87; precip_pctile=1.00
Panama,2024,2024-06-01,27.55,86.26666666666667,9.28,1.9,2.1616102556245864,0.8333333333333334,True,False,temp_z=2.16
Papua New Guinea,2024,2024-06-01,25.02258064516129,88.35483870967742,0.89,4.21236559139785,-1.6736626236962522,0.05555555555555555,True,False,temp_z=-1.67
Papua New Guinea,2024,2024-07-01,24.414285714285715,83.60714285714286,0.9099999999999999,4.701388888888888,-2.355662482304441,0.1111111111111111,True,False,temp_z=-2.36
Papua New Guinea,2025,2025-03-01,27.041935483870965,87.2258064516129,43.65,1.803763440860215,0.5903702402591074,1.0,False,True,precip_pctile=1.00
Paraguay,2024,2024-11-01,22.529999999999998,73.63333333333334,19.0,2.6592592592592594,0.5946942530032681,1.0,False,True,precip_pctile=1.00
Paraguay,2025,2025-06-01,12.87,80.06666666666666,0.9900000000000001,2.5296296296296297,-2.049581248332154,0.6111111111111112,True,False,temp_z=-2.05
Paraguay,2025,2025-07-01,14.432258064516128,63.58064516129032,0.0,2.4292114695340503,-1.6219372807582724,0.1111111111111111,True,False,temp_z=-1.62
Peru,2025,2025-02-01,21.603571428571428,82.46428571428571,0.12,2.3045634920634925,2.1507033474781916,0.6111111111111112,True,False,temp_z=2.15
Peru,2025,2025-03-01,21.238709677419354,82.25806451612904,0.09,2.689964157706093,1.9727908385681576,0.4444444444444444,True,False,temp_z=1.97
Peru,2025,2025-06-01,16.136666666666667,86.7,0.32,2.534259259259259,-0.5150481024656464,1.0,False,True,precip_pctile=1.00
Philippines,2025,2025-04-01,34.21333333333334,53.5,0.93,4.990740740740741,2.615453436468193,0.1111111111111111,True,False,temp_z=2.62
Philippines,2025,2025-05-01,33.73548387096774,58.67741935483871,4.5600000000000005,4.680107526881721,2.3352571561033573,0.3888888888888889,True,False,temp_z=2.34
Philippines,2025,2025-07-01,29.26451612903226,83.45161290322581,26.04,6.705197132616488,-0.2863813086963139,1.0,False,True,precip_pctile=1.00
Poland,2025,2025-02-01,0.7571428571428572,76.28571428571429,0.33999999999999997,3.3095238095238098,-1.678872051309366,0.2777777777777778,True,False,temp_z=-1.68
Poland,2025,2025-07-01,21.051612903225806,68.12903225806451,6.0200000000000005,3.553763440860215,0.7275659034656281,1.0,False,True,precip_pctile=1.00
Polônia,2024,2024-07-01,27.7,52.0,0.0,8.194444444444445,,1.0,False,True,precip_pctile=1.00
Portugal,2024,2024-07-01,26.98148148148148,51.851851851851855,0.4,4.018518518518518,1.6947665141131125,0.5,True,False,temp_z=1.69
Portugal,2024,2024-08-01,27.003225806451614,50.03225806451613,0.01,4.972222222222222,1.6992660203216283,0.19444444444444445,True,False,temp_z=1.70
Portugal,2024,2024-12-01,11.206451612903225,79.93548387096774,0.01,3.4381720430107525,-1.5695263499185113,0.19444444444444445,True,False,temp_z=-1.57
Portugal,2025,2025-04-01,15.523333333333333,81.63333333333334,16.47,4.779629629629629,-0.6762433379517907,1.0,False,True,precip_pctile=1.00
Qatar,2024,2024-12-01,24.112903225806452,45.41935483870968,0.0,4.482078853046595,-1.6292582770064423,0.4444444444444444,True,False,temp_z=-1.63
Qatar,2025,2025-01-01,22.335483870967742,43.645161290322584,0.0,5.193548387096774,-1.9020533955926437,0.4444444444444444,True,False,temp_z=-1.90
Qatar,2025,2025-02-01,22.310714285714287,49.464285714285715,0.18,5.5565476190476195,-1.9058549868874346,1.0,True,True,temp_z=-1.91; precip_pctile=1.00
Romania,2025,2025-02-01,1.0321428571428573,67.64285714285714,1.19,3.1448412698412698,-1.792551767892738,0.6944444444444444,True,False,temp_z=-1.79
Romania,2025,2025-05-01,18.29032258064516,62.54838709677419,4.6,3.4740143369175627,-0.07893361039408998,1.0,False,True,precip_pctile=1.00
Russia,2024,2024-06-01,22.37837837837838,57.75675675675676,7.180000000000001,4.487987987987988,0.9660852642361994,1.0,False,True,precip_pctile=1.00
Russia,2024,2024-12-01,-2.135483870967742,89.09677419354838,1.68,3.773297491039427,-1.5961647733052826,0.5,True,False,temp_z=-1.60
Russia,2025,2025-02-01,-3.792857142857143,70.25,0.23,2.625,-1.7693975623665876,0.2222222222222222,True,False,temp_z=-1.77
Rwanda,2024,2024-07-01,28.49285714285714,29.25,0.04,2.4037698412698414,1.7433772525233744,0.1111111111111111,True,False,temp_z=1.74
Rwanda,2024,2024-08-01,28.480645161290322,30.35483870967742,0.04,2.85663082437276,1.7375439576436227,0.1111111111111111,True,False,temp_z=1.74
Rwanda,2025,2025-04-01,23.226666666666667,68.76666666666667,15.7,1.3324074074074075,-0.7721229365719873,1.0,False,True,precip_pctile=1.00
Rwanda,2025,2025-10-01,21.65,67.75,0.04,1.3472222222222223,-1.525248999154025,0.1111111111111111,True,False,temp_z=-1.53
Saint Kitts and Nevis,2024,2024-05-01,29.764705882352942,76.6470588235294,2.1,4.8202614379084965,1.5603867069328212,0.2777777777777778,True,False,temp_z=1.56
Saint Kitts and Nevis,2024,2024-06-01,30.226666666666667,71.43333333333334,2.29,7.333333333333333,1.8348945865335584,0.3333333333333333,True,False,temp_z=1.83
Saint Kitts and Nevis,2024,2024-11-01,27.144827586206898,78.51724137931035,12.06,5.435823754789272,0.0035938788241944007,1.0,False,True,precip_pctile=1.00
Saint Kitts and Nevis,2025,2025-02-01,24.592857142857145,79.17857142857143,4.43,9.439484126984127,-1.512846518272259,0.6666666666666666,True,False,temp_z=-1.51
Saint Kitts and Nevis,2025,2025-03-01,24.52258064516129,79.64516129032258,3.29,6.513440860215053,-1.5546064533648314,0.4444444444444444,True,False,temp_z=-1.55
Saint Lucia,2024,2024-05-01,29.941176470588236,74.47058823529412,1.31,6.88562091503268,2.0807789630316225,0.1111111111111111,True,False,temp_z=2.08
Saint Lucia,2024,2024-06-01,29.709999999999997,75.4,3.42,5.855555555555555,1.8963608119066528,0.5,True,False,temp_z=1.90
Saint Lucia,2024,2024-08-01,28.61935483870968,80.3225806451613,13.54,4.666666666666666,1.0263122136788174,1.0,False,True,precip_pctile=1.00
Saint Vincent and the Grenadines,2024,2024-05-01,29.870588235294118,74.82352941176471,1.24,8.5359477124183,1.7584995931461567,0.1111111111111111,True,False,temp_z=1.76
Saint Vincent and the Grenadines,2024,2024-08-01,28.567741935483873,75.61290322580645,8.71,6.317204301075268,0.7355481946526792,1.0,False,True,precip_pctile=1.00
Saint Vincent and the Grenadines,2025,2025-03-01,25.325806451612905,75.41935483870968,3.18,6.471326164874552,-1.8099112640221082,0.3888888888888889,True,False,temp_z=-1.81
Saint Vincent and the Grenadines,2025,2025-04-01,25.63,77.83333333333333,4.81,6.216666666666667,-1.5710686501384963,0.6666666666666666,True,False,temp_z=-1.57
Saint-Vincent-et-les-Grenadines,2024,2024-07-01,27.8,82.0,0.13,7.5,,1.0,False,True,precip_pctile=1.00
Samoa,2024,2024-09-01,24.345161290322583,94.2258064516129,4.93,4.693548387096774,-2.2730277618063197,0.3333333333333333,True,False,temp_z=-2.27
Samoa,2025,2025-01-01,25.753333333333334,88.5,24.97,5.657407407407407,0.26319164186856664,1.0,False,True,precip_pctile=1.00
San Marino,2024,2024-12-01,8.829032258064515,66.7741935483871,9.31,4.202508960573477,-1.522623996989831,1.0,True,True,temp_z=-1.52; precip_pctile=1.00
Saudi Arabia,2025,2025-01-01,17.780645161290323,32.225806451612904,0.04,4.179211469534049,-1.9414521872561463,0.8888888888888888,True,False,temp_z=-1.94
Saudi Arabia,2025,2025-02-01,19.210714285714285,31.0,0.4,4.432539682539683,-1.772570534329601,1.0,True,True,temp_z=-1.77; precip_pctile=1.00
Saudi Arabien,2024,2024-07-01,45.0,7.0,0.0,6.805555555555555,,1.0,False,True,precip_pctile=1.00
Senegal,2025,2025-02-01,20.239285714285717,64.60714285714286,0.0,7.2103174603174605,-1.9398279707452837,0.2222222222222222,True,False,temp_z=-1.94
Senegal,2025,2025-03-01,20.561290322580643,79.7741935483871,0.02,8.85394265232975,-1.8221673727862646,0.5,True,False,temp_z=-1.82
Senegal,2025,2025-04-01,21.3,83.6,0.0,6.894444444444444,-1.552242594928216,0.2222222222222222,True,False,temp_z=-1.55
Senegal,2025,2025-08-01,27.258064516129032,84.38709677419355,8.92,4.517025089605735,0.624836290241277,1.0,False,True,precip_pctile=1.00
Serbia,2024,2024-06-01,29.323333333333334,45.7,14.88,3.636111111111111,1.1408592792637522,1.0,False,True,precip_pctile=1.00
Serbia,2024,2024-08-01,33.619354838709675,28.451612903225808,0.0,3.5492831541218637,1.5950070128348632,0.08333333333333333,True,False,temp_z=1.60
Seychelles Islands,2024,2024-08-01,26.9741935483871,80.64516129032258,1.3900000000000001,6.28494623655914,-1.5235230377460025,0.2222222222222222,True,False,temp_z=-1.52
Seychelles Islands,2025,2025-01-01,28.816129032258065,79.61290322580645,8.84,6.067204301075269,0.13601362020836033,1.0,False,True,precip_pctile=1.00
Seychelles Islands,2025,2025-04-01,30.866666666666667,69.4,3.32,2.589814814814815,1.9834954688475743,0.6666666666666666,True,False,temp_z=1.98
Seychelles Islands,2025,2025-05-01,30.780645161290323,72.35483870967742,2.37,5.173835125448028,1.9059922974311418,0.5555555555555556,True,False,temp_z=1.91
Sierra Leone,2024,2024-05-01,29.211764705882356,74.47058823529412,3.64,3.8202614379084965,2.061295335255045,0.5,True,False,temp_z=2.06
Sierra Leone,2024,2024-06-01,28.724137931034484,74.34482758620689,30.28,3.9846743295019156,1.7125803200263592,0.6666666666666666,True,False,temp_z=1.71
Sierra Leone,2025,2025-07-01,24.270967741935483,89.41935483870968,59.54,2.8324372759856633,-1.4720013937075762,1.0,False,True,precip_pctile=1.00
Sierra Leone,2025,2025-08-01,24.16774193548387,88.45161290322581,45.26,3.2526881720430105,-1.5458209428494316,0.9444444444444444,True,False,temp_z=-1.55
Singapore,2025,2025-01-01,28.0,73.74193548387096,33.71,5.312724014336917,-1.4015583597030028,1.0,False,True,precip_pctile=1.00
Singapore,2025,2025-06-01,31.263333333333332,62.86666666666667,5.33,3.5685185185185184,1.6080947261305372,0.3888888888888889,True,False,temp_z=1.61
Singapore,2025,2025-07-01,31.54516129032258,61.483870967741936,3.64,4.188172043010753,1.8680143524104704,0.2222222222222222,True,False,temp_z=1.87
Slovakia,2024,2024-06-01,25.433333333333334,54.7,14.14,4.1231481481481485,1.0743950009059375,1.0,False,True,precip_pctile=1.00
Slovakia,2024,2024-07-01,29.25357142857143,40.42857142857143,0.49,4.069444444444445,1.5189560476804984,0.3888888888888889,True,False,temp_z=1.52
Slovakia,2024,2024-08-01,30.19677419354839,40.645161290322584,0.21000000000000002,3.3969534050179213,1.6287165385361564,0.19444444444444445,True,False,temp_z=1.63
Slovakia,2025,2025-02-01,3.007142857142857,62.107142857142854,0.9500000000000001,3.7589285714285716,-1.535340430424439,0.4444444444444444,True,False,temp_z=-1.54
Slovenia,2024,2024-08-01,29.91290322580645,46.54838709677419,5.87,1.8163082437275986,1.6350134728698422,0.6666666666666666,True,False,temp_z=1.64
Slovenia,2024,2024-09-01,20.173333333333336,60.53333333333333,24.96,2.598148148148148,0.49042300303778696,1.0,False,True,precip_pctile=1.00
Slovenia,2025,2025-02-01,3.2285714285714286,78.21428571428571,4.79,1.376984126984127,-1.5009188327810974,0.5555555555555556,True,False,temp_z=-1.50
Solomon Islands,2024,2024-07-01,25.209999999999997,88.16666666666667,0.77,2.712962962962963,-1.6464218555476193,0.05555555555555555,True,False,temp_z=-1.65
Solomon Islands,2024,2024-08-01,25.206451612903226,88.3225806451613,3.2600000000000002,3.425627240143369,-1.650265915283064,0.2777777777777778,True,False,temp_z=-1.65
Solomon Islands,2025,2025-01-01,26.62258064516129,90.54838709677419,26.810000000000002,1.6801075268817203,-0.11613662086320067,1.0,False,True,precip_pctile=1.00
Solomon Islands,2025,2025-10-01,28.85,81.0,3.25,2.75,2.2968845130705544,0.2222222222222222,True,False,temp_z=2.30
Somalia,2025,2025-04-01,31.153333333333332,74.53333333333333,4.58,4.773148148148149,2.2493165940340725,1.0,True,True,temp_z=2.25; precip_pctile=1.00
Somalia,2025,2025-08-01,27.241935483870968,76.87096774193549,0.63,8.411290322580646,-1.5894761428221678,0.5555555555555556,True,False,temp_z=-1.59
South Africa,2024,2024-12-01,27.580645161290324,46.354838709677416,7.84,4.17562724014337,1.50771948046512,1.0,True,True,temp_z=1.51; precip_pctile=1.00
South Africa,2025,2025-06-01,14.520000000000001,45.7,0.02,2.7222222222222223,-1.584834701077076,0.3055555555555556,True,False,temp_z=-1.58
South Africa,2025,2025-07-01,13.980645161290322,48.45161290322581,0.02,2.362007168458782,-1.7125453953948633,0.3055555555555556,True,False,temp_z=-1.71
South Korea,2024,2024-07-01,25.47142857142857,89.92857142857143,15.98,2.8293650793650795,0.6871128328513831,1.0,False,True,precip_pctile=1.00
South Korea,2024,2024-12-01,0.5612903225806452,59.645161290322584,0.21000000000000002,2.825268817204301,-1.766547681777431,0.2222222222222222,True,False,temp_z=-1.77
South Korea,2025,2025-01-01,-0.8258064516129031,64.96774193548387,0.38,2.3664874551971327,-1.9031773765148787,0.2777777777777778,True,False,temp_z=-1.90
South Korea,2025,2025-02-01,-0.003571428571428749,55.5,0.05,3.683531746031746,-1.8221868340446825,0.16666666666666666,True,False,temp_z=-1.82
Spain,2024,2024-07-01,33.760714285714286,21.0,0.0,3.166666666666667,1.813053397549404,0.19444444444444445,True,False,temp_z=1.81
Spain,2024,2024-08-01,32.9,27.0,0.11,2.413082437275986,1.7084141970683933,0.5555555555555556,True,False,temp_z=1.71
Spain,2025,2025-03-01,8.541935483870969,77.6774193548387,7.8500000000000005,4.261648745519714,-1.252856968679045,1.0,False,True,precip_pctile=1.00
Sri Lanka,2024,2024-05-01,27.052941176470586,90.3529411764706,21.73,4.184640522875817,-2.2296018087025913,1.0,True,True,temp_z=-2.23; precip_pctile=1.00
Sri Lanka,2025,2025-02-01,31.928571428571427,61.0,4.86,4.732142857142857,1.507195425807842,0.1111111111111111,True,False,temp_z=1.51
Sri Lanka,2025,2025-04-01,31.943333333333335,71.9,11.44,4.17037037037037,1.5185092954079076,0.3333333333333333,True,False,temp_z=1.52
Sudan,2024,2024-05-01,40.19117647058823,10.205882352941176,0.0,4.160130718954248,2.1885624741645087,0.3333333333333333,True,False,temp_z=2.19
Sudan,2024,2024-06-01,39.09661016949152,20.1864406779661,0.0,4.393596986817326,1.9128525255777369,0.3333333333333333,True,False,temp_z=1.91
Sudan,2025,2025-08-01,27.387096774193548,60.725806451612904,10.43,5.700268817204301,-1.036652984466708,1.0,False,True,precip_pctile=1.00
Suriname,2024,2024-05-01,28.61764705882353,79.52941176470588,9.86,2.8104575163398695,2.2937742213217427,0.9444444444444444,True,False,temp_z=2.29
Suriname,2024,2024-06-01,28.406896551724138,79.72413793103448,8.58,2.3227969348659006,2.1686220889781396,0.8888888888888888,True,False,temp_z=2.17
Suriname,2025,2025-05-01,24.009677419354837,98.61290322580645,16.34,2.1129032258064515,-0.4426235890148054,1.0,False,True,precip_pctile=1.00
Swaziland,2024,2024-12-01,27.94193548387097,55.096774193548384,2.6599999999999997,3.318100358422939,1.8296413956284205,0.8333333333333334,True,False,temp_z=1.83
Swaziland,2025,2025-01-01,26.47741935483871,65.35483870967742,7.62,2.661290322580645,1.3808788131938858,1.0,False,True,precip_pctile=1.00
Swaziland,2025,2025-10-01,16.7,78.5,0.14,1.7916666666666665,-1.6151550796675047,0.3888888888888889,True,False,temp_z=-1.62
Sweden,2024,2024-10-01,10.819354838709677,81.3225806451613,4.2,4.346774193548387,-0.2491116310206914,1.0,False,True,precip_pctile=1.00
Sweden,2025,2025-01-01,0.9612903225806452,89.03225806451613,2.2800000000000002,4.269713261648746,-1.5821344185972663,0.7222222222222222,True,False,temp_z=-1.58
Sweden,2025,2025-02-01,0.49285714285714294,82.85714285714286,0.64,3.433531746031746,-1.6454766803573442,0.2777777777777778,True,False,temp_z=-1.65
Switzerland,2024,2024-06-01,21.936666666666667,60.2,14.06,2.984259259259259,1.0919237651731766,1.0,False,True,precip_pctile=1.00
Switzerland,2024,2024-07-01,25.517857142857142,52.785714285714285,3.9299999999999997,2.226190476190476,1.5726049861956972,0.5,True,False,temp_z=1.57
Switzerland,2024,2024-08-01,25.716129032258067,54.45161290322581,2.5,2.2446236559139785,1.5992178051801431,0.3888888888888889,True,False,temp_z=1.60
Syria,2024,2024-06-01,38.12,12.266666666666667,0.03,6.301851851851852,1.5053089781663247,0.6666666666666666,True,False,temp_z=1.51
Syria,2025,2025-01-01,12.964516129032257,40.516129032258064,0.27,2.3772401433691757,-1.5095861541045283,0.8333333333333334,True,False,temp_z=-1.51
Syria,2025,2025-02-01,10.360714285714286,42.214285714285715,1.0,3.567460317460317,-1.8216528805123327,0.8888888888888888,True,False,temp_z=-1.82
Syria,2025,2025-03-01,17.703225806451613,37.70967741935484,1.43,3.3360215053763445,-0.9416498419676397,1.0,False,True,precip_pctile=1.00
Südkorea,2024,2024-07-01,26.1,84.0,0.22,1.1111111111111112,,1.0,False,True,precip_pctile=1.00
Tajikistan,2024,2024-12-01,6.854838709677419,50.16129032258065,0.9400000000000001,1.1227598566308243,-1.9290699948089307,0.6944444444444444,True,False,temp_z=-1.93
Tajikistan,2025,2025-01-01,7.580645161290323,57.25806451612903,2.2600000000000002,1.0869175627240142,-1.8530520120098624,0.8888888888888888,True,False,temp_z=-1.85
Tajikistan,2025,2025-03-01,16.467741935483872,43.12903225806452,3.14,1.4471326164874554,-0.9222540448479374,1.0,False,True,precip_pctile=1.00
Tanzania,2025,2025-03-01,26.548387096774192,59.903225806451616,7.58,2.6594982078853047,0.1872161091203664,1.0,False,True,precip_pctile=1.00
Tanzania,2025,2025-07-01,22.574193548387097,50.645161290322584,0.0,3.6881720430107525,-1.6097467937065122,0.2777777777777778,True,False,temp_z=-1.61
Tanzania,2025,2025-08-01,22.23225806451613,49.354838709677416,0.0,3.6845878136200714,-1.7643556148912916,0.2777777777777778,True,False,temp_z=-1.76
Tanzania,2025,2025-10-01,22.625,60.5,0.0,3.979166666666667,-1.5867742565965095,0.2777777777777778,True,False,temp_z=-1.59
Thailand,2024,2024-07-01,27.74310344827586,82.86206896551724,29.44,2.7480842911877392,-1.5631072827356656,0.7777777777777778,True,False,temp_z=-1.56
Thailand,2025,2025-03-01,34.524193548387096,41.74193548387097,0.01,3.73163082437276,1.9636139499538605,0.1111111111111111,True,False,temp_z=1.96
Thailand,2025,2025-04-01,34.333333333333336,51.5,4.8,3.821296296296296,1.8643510345570065,0.3333333333333333,True,False,temp_z=1.86
Thailand,2025,2025-07-01,31.003225806451614,69.35483870967742,35.4,2.980734767025089,0.13242287126651656,1.0,False,True,precip_pctile=1.00
Timor-Leste,2024,2024-06-01,24.303448275862067,75.86206896551724,0.02,2.303639846743295,-1.5563186214406077,0.1111111111111111,True,False,temp_z=-1.56
Timor-Leste,2024,2024-07-01,23.642857142857142,75.96428571428571,2.18,2.8432539682539684,-2.1240181913709146,0.3333333333333333,True,False,temp_z=-2.12
Timor-Leste,2024,2024-08-01,24.09032258064516,75.51612903225806,0.11000000000000001,2.6218637992831537,-1.739474827254883,0.16666666666666666,True,False,temp_z=-1.74
Timor-Leste,2024,2024-11-01,27.916666666666668,72.5,21.91,2.439814814814815,1.5488131674063903,0.8888888888888888,True,False,temp_z=1.55
Timor-Leste,2025,2025-02-01,26.228571428571428,83.64285714285714,28.87,2.7857142857142856,0.09809593432944812,1.0,False,True,precip_pctile=1.00
Togo,2024,2024-06-01,27.9,74.0,0.16,5.305555555555556,,1.0,False,True,precip_pctile=1.00
Tonga,2025,2025-02-01,26.12142857142857,91.39285714285714,8.33,6.504960317460317,1.7421086157681205,0.8888888888888888,True,False,temp_z=1.74
Tonga,2025,2025-03-01,25.641935483870967,92.96774193548387,11.83,4.839605734767025,1.4653027310020055,1.0,False,True,precip_pctile=1.00
Tonga,2025,2025-04-01,25.706666666666667,90.4,3.1700000000000004,7.651851851851851,1.502671303752428,0.4444444444444444,True,False,temp_z=1.50
Trinidad and Tobago,2024,2024-05-01,30.11764705882353,75.88235294117646,2.36,5.401960784313725,2.504125981681952,0.16666666666666666,True,False,temp_z=2.50
Trinidad and Tobago,2024,2024-06-01,29.386666666666667,77.83333333333333,6.09,4.385185185185184,2.0852494331825775,0.4444444444444444,True,False,temp_z=2.09
Trinidad and Tobago,2024,2024-08-01,26.858064516129033,84.41935483870968,15.33,1.7930107526881722,0.6362746690031166,1.0,False,True,precip_pctile=1.00
Tunisia,2024,2024-07-01,34.21785714285714,36.92857142857143,0.0,5.459325396825397,1.5163001499532027,0.05555555555555555,True,False,temp_z=1.52
Tunisia,2024,2024-08-01,34.63225806451613,37.87096774193548,0.09,4.339605734767025,1.582321105304044,0.2777777777777778,True,False,temp_z=1.58
Tunisia,2024,2024-12-01,15.403225806451612,66.58064516129032,2.24,5.367383512544802,-1.4811833750123793,1.0,False,True,precip_pctile=1.00
Turkey,2025,2025-02-01,5.119642857142857,64.30357142857143,4.34,3.96875,-1.7948991351789165,0.7222222222222222,True,False,temp_z=-1.79
Turkey,2025,2025-04-01,13.325,61.6,7.33,4.0125,-0.8365564496606258,1.0,False,True,precip_pctile=1.00
Turkmenistan,2024,2024-10-01,21.951612903225808,44.483870967741936,2.9,3.617383512544803,-0.35571416086153046,1.0,False,True,precip_pctile=1.00
Turkmenistan,2024,2024-12-01,9.138709677419355,52.41935483870968,0.09,3.2186379928315416,-1.658453324913798,0.3888888888888889,True,False,temp_z=-1.66
Turkmenistan,2025,2025-01-01,9.219354838709679,56.87096774193548,0.19,2.5761648745519716,-1.6502538085237404,0.5,True,False,temp_z=-1.65
Turkmenistan,2025,2025-02-01,8.028571428571428,61.464285714285715,1.22,3.1140873015873014,-1.771325524820355,0.8888888888888888,True,False,temp_z=-1.77
Turkménistan,2024,2024-07-01,37.8,11.0,0.0,6.111111111111111,,1.0,False,True,precip_pctile=1.00
Tuvalu,2024,2024-08-01,28.306451612903224,80.80645161290323,19.32,6.312724014336917,-1.524265302599945,1.0,True,True,temp_z=-1.52; precip_pctile=1.00
Tuvalu,2024,2024-11-01,29.17,81.06666666666666,18.51,3.7620370370370373,1.9447436520194175,0.9444444444444444,True,False,temp_z=1.94
Tuvalu,2025,2025-05-01,29.103225806451615,82.83870967741936,9.47,5.406810035842294,1.6765012711429879,0.3888888888888889,True,False,temp_z=1.68
Tuvalu,2025,2025-09-01,28.279999999999998,81.6,8.08,6.7444444444444445,-1.6305255694205634,0.2222222222222222,True,False,temp_z=-1.63
USA United States of America,2024,2024-06-01,24.53333333333333,66.0,1.59,3.592592592592593,,1.0,False,True,precip_pctile=1.00
Uganda,2025,2025-02-01,30.139285714285712,44.25,0.02,3.738095238095238,2.6066099579890523,0.1111111111111111,True,False,temp_z=2.61
Uganda,2025,2025-05-01,24.490322580645163,74.3225806451613,17.490000000000002,2.71415770609319,-0.9548599814124816,1.0,False,True,precip_pctile=1.00
Ukraine,2024,2024-06-01,23.78666666666667,58.166666666666664,6.05,3.7222222222222223,0.8105868938355378,1.0,False,True,precip_pctile=1.00
Ukraine,2024,2024-07-01,30.49655172413793,31.96551724137931,0.43,3.6657088122605366,1.5041247093733912,0.4444444444444444,True,False,temp_z=1.50
Ukraine,2025,2025-02-01,-1.5785714285714287,60.607142857142854,0.13,3.1676587301587302,-1.8111795997023903,0.2222222222222222,True,False,temp_z=-1.81
United Arab Emirates,2024,2024-12-01,24.164516129032258,53.38709677419355,0.09,4.778673835125448,-1.8211037136813657,1.0,True,True,temp_z=-1.82; precip_pctile=1.00
United Arab Emirates,2025,2025-01-01,23.296774193548387,47.67741935483871,0.0,5.479390681003585,-1.975331403887049,0.4722222222222222,True,False,temp_z=-1.98
United Arab Emirates,2025,2025-02-01,25.42142857142857,47.714285714285715,0.01,5.236111111111112,-1.5977069930037229,0.9444444444444444,True,False,temp_z=-1.60
United Kingdom,2024,2024-08-01,22.38064516129032,55.25806451612903,0.4,4.819892473118279,1.5556440877072362,0.16666666666666666,True,False,temp_z=1.56
United Kingdom,2025,2025-01-01,4.490322580645161,88.25806451612904,2.36,3.207885304659498,-1.7963376651131204,0.6111111111111112,True,False,temp_z=-1.80
United Kingdom,2025,2025-02-01,5.846428571428571,86.5,1.9100000000000001,3.7420634920634925,-1.542253787334745,0.5,True,False,temp_z=-1.54
United Kingdom,2025,2025-09-01,13.446666666666665,86.23333333333333,5.76,4.387037037037037,-0.11825154827564742,1.0,False,True,precip_pctile=1.00
United States of America,2025,2025-01-01,3.7866666666666666,89.86666666666666,1.62,1.4953703703703705,-1.7973429758839807,0.7777777777777778,True,False,temp_z=-1.80
United States of America,2025,2025-02-01,3.132142857142857,92.14285714285714,5.54,2.5426587301587302,-2.00338706154238,1.0,True,True,temp_z=-2.00; precip_pctile=1.00
United States of America,2025,2025-08-01,14.803225806451614,83.80645161290323,0.0,2.528673835125448,1.670669680080525,0.2777777777777778,True,False,temp_z=1.67
Uruguay,2025,2025-01-01,20.336666666666666,82.3,0.12000000000000001,4.343518518518518,1.6826862044470365,0.2222222222222222,True,False,temp_z=1.68
Uruguay,2025,2025-02-01,20.814285714285713,90.21428571428571,0.9500000000000001,4.403769841269841,1.7994089863201221,0.3888888888888889,True,False,temp_z=1.80
Uruguay,2025,2025-05-01,13.003225806451614,90.64516129032258,12.969999999999999,4.328853046594982,-0.10949445118877396,1.0,False,True,precip_pctile=1.00
Uruguay,2025,2025-06-01,6.956666666666666,91.16666666666667,2.67,4.190740740740741,-1.5871809192518311,0.6666666666666666,True,False,temp_z=-1.59
Uzbekistan,2024,2024-10-01,20.919354838709676,36.225806451612904,3.9000000000000004,2.413082437275986,-0.35577370338494374,1.0,False,True,precip_pctile=1.00
Uzbekistan,2024,2024-12-01,4.696774193548387,56.225806451612904,0.76,1.663978494623656,-1.931166670485597,0.8333333333333334,True,False,temp_z=-1.93
Uzbekistan,2025,2025-01-01,7.225806451612903,50.354838709677416,0.21000000000000002,1.6577060931899643,-1.6855695167359621,0.7777777777777778,True,False,temp_z=-1.69
Vanuatu,2024,2024-08-01,21.532258064516128,85.12903225806451,0.95,4.336021505376344,-1.7286180966092313,0.1111111111111111,True,False,temp_z=-1.73
Vanuatu,2025,2025-02-01,26.50357142857143,91.57142857142857,21.4,5.347222222222222,1.493391912969188,1.0,False,True,precip_pctile=1.00
Vanuatu,2025,2025-10-01,26.725,75.75,0.46,4.5,1.6369043052291523,0.05555555555555555,True,False,temp_z=1.64
Vatican City,2024,2024-07-01,34.272413793103446,33.13793103448276,0.06,4.660919540229885,1.6529125986346633,0.16666666666666666,True,False,temp_z=1.65
Vatican City,2024,2024-08-01,34.71935483870968,34.70967741935484,0.08,3.813620071684588,1.710753507416792,0.2222222222222222,True,False,temp_z=1.71
Vatican City,2025,2025-09-01,22.103333333333335,73.1,6.57,2.3342592592592597,0.07805014248853204,1.0,False,True,precip_pctile=1.00
Venezuela,2024,2024-05-01,28.53529411764706,76.47058823529412,3.35,2.042483660130719,1.6608847373962226,0.7777777777777778,True,False,temp_z=1.66
Venezuela,2024,2024-10-01,18.983333333333334,91.43333333333334,2.81,1.3194444444444444,-1.5510467049900898,0.6666666666666666,True,False,temp_z=-1.55
Venezuela,2024,2024-11-01,17.92758620689655,92.06896551724138,2.08,1.1446360153256705,-1.9060510299848075,0.5555555555555556,True,False,temp_z=-1.91
Venezuela,2024,2024-12-01,17.374193548387098,90.90322580645162,0.31,1.3225806451612903,-2.092134214368396,0.16666666666666666,True,False,temp_z=-2.09
Venezuela,2025,2025-08-01,23.05483870967742,89.80645161290323,12.17,1.5905017921146953,-0.18196694938637703,1.0,False,True,precip_pctile=1.00
Vietnam,2024,2024-09-01,27.925,84.16666666666667,61.44,2.216203703703704,0.04859679959972399,1.0,False,True,precip_pctile=1.00
Vietnam,2024,2024-12-01,19.67096774193548,66.87096774193549,0.47000000000000003,2.211917562724014,-2.1361117805425356,0.16666666666666666,True,False,temp_z=-2.14
Vietnam,2025,2025-01-01,20.603225806451615,52.96774193548387,0.1,2.5824372759856633,-1.889358178330082,0.1111111111111111,True,False,temp_z=-1.89
Vietnam,2025,2025-02-01,20.285714285714285,70.60714285714286,0.9500000000000001,2.6359126984126986,-1.973398332519099,0.2222222222222222,True,False,temp_z=-1.97
Yemen,2024,2024-08-01,23.703225806451613,42.70967741935484,13.16,3.425627240143369,-0.060505842652139534,1.0,False,True,precip_pctile=1.00
Yemen,2024,2024-11-01,19.896666666666665,24.666666666666668,0.02,1.6324074074074073,-1.7567191031338978,0.3333333333333333,True,False,temp_z=-1.76
Zambia,2024,2024-09-01,30.13,19.366666666666667,0.02,4.052777777777778,1.5220830152863019,0.5,True,False,temp_z=1.52
Zambia,2024,2024-12-01,31.112903225806452,32.67741935483871,4.86,3.065412186379928,1.8146977366812174,0.8888888888888888,True,False,temp_z=1.81
Zambia,2025,2025-01-01,23.358064516129033,73.09677419354838,18.87,2.7768817204301075,-0.49395270714344924,1.0,False,True,precip_pctile=1.00
Zambia,2025,2025-07-01,19.29032258064516,42.54838709677419,0.1,4.71505376344086,-1.7049378193160394,0.5555555555555556,True,False,temp_z=-1.70
Zimbabwe,2024,2024-12-01,29.393548387096775,31.483870967741936,5.3100000000000005,3.3324372759856633,1.7492926248357563,0.8888888888888888,True,False,temp_z=1.75
Zimbabwe,2025,2025-01-01,23.37741935483871,65.51612903225806,11.82,3.3001792114695343,-0.12514835684875064,1.0,False,True,precip_pctile=1.00
Zimbabwe,2025,2025-07-01,17.603225806451615,38.96774193548387,0.0,3.0501792114695343,-1.9242096743904489,0.25,True,False,temp_z=-1.92
Гватемала,2024,2024-07-01,15.9,95.0,0.0,1.805555555555556,,1.0,False,True,precip_pctile=1.00
Польша,2024,2024-07-01,24.2,56.0,0.0,3.8055555555555554,,1.0,False,True,precip_pctile=1.00
Турция,2024,2024-07-01,34.0,44.0,0.0,6.694444444444445,,1.0,False,True,precip_pctile=1.00
كولومبيا,2024,2024-07-01,23.1,95.0,0.05,1.805555555555556,,1.0,False,True,precip_pctile=1.00
火鸡,2024,2024-07-01,29.7,24.0,0.0,5.111111111111111,,1.0,False,True,precip_pctile=1.00
